ts_code,industry
000001.SZ,银行
000002.SZ,全国地产
000004.SZ,软件服务
000006.SZ,区域地产
000007.SZ,其他商业
000008.SZ,运输设备
000009.SZ,电气设备
000010.SZ,建筑工程
000011.SZ,房产服务
000012.SZ,玻璃
000014.SZ,全国地产
000016.SZ,家用电器
000017.SZ,服饰
000019.SZ,农业综合
000020.SZ,元器件
000021.SZ,元器件
000025.SZ,综合类
000026.SZ,服饰
000027.SZ,火力发电
000028.SZ,医药商业
000029.SZ,区域地产
000030.SZ,汽车配件
000031.SZ,全国地产
000032.SZ,建筑工程
000034.SZ,软件服务
000035.SZ,环境保护
000036.SZ,全国地产
000037.SZ,火力发电
000039.SZ,运输设备
000042.SZ,全国地产
000045.SZ,元器件
000048.SZ,农业综合
000049.SZ,电气设备
000050.SZ,元器件
000055.SZ,其他建材
000056.SZ,其他商业
000058.SZ,商品城
000059.SZ,石油加工
000060.SZ,铅锌
000061.SZ,农业综合
000062.SZ,元器件
000063.SZ,通信设备
000065.SZ,建筑工程
000066.SZ,IT设备
000068.SZ,环境保护
000069.SZ,全国地产
000070.SZ,通信设备
000078.SZ,医药商业
000088.SZ,港口
000089.SZ,机场
000090.SZ,建筑工程
000096.SZ,石油贸易
000099.SZ,空运
000100.SZ,元器件
000151.SZ,商贸代理
000153.SZ,化学制药
000155.SZ,新型电力
000156.SZ,影视音像
000157.SZ,工程机械
000158.SZ,软件服务
000159.SZ,石油贸易
000166.SZ,证券
000301.SZ,化纤
000333.SZ,家用电器
000338.SZ,汽车配件
000400.SZ,电气设备
000401.SZ,水泥
000402.SZ,全国地产
000403.SZ,生物制药
000404.SZ,家用电器
000407.SZ,供气供热
000408.SZ,农药化肥
000409.SZ,软件服务
000410.SZ,机床制造
000411.SZ,医药商业
000415.SZ,多元金融
000417.SZ,百货
000419.SZ,百货
000420.SZ,化纤
000421.SZ,供气供热
000422.SZ,农药化肥
000423.SZ,中成药
000425.SZ,工程机械
000426.SZ,铅锌
000428.SZ,酒店餐饮
000429.SZ,路桥
000430.SZ,旅游景点
000488.SZ,造纸
000498.SZ,建筑工程
000501.SZ,百货
000503.SZ,软件服务
000504.SZ,医疗保健
000505.SZ,食品
000506.SZ,黄金
000507.SZ,新型电力
000509.SZ,元器件
000510.SZ,化工原料
000513.SZ,化学制药
000514.SZ,区域地产
000516.SZ,医疗保健
000517.SZ,区域地产
000518.SZ,生物制药
000519.SZ,专用机械
000520.SZ,水运
000521.SZ,家用电器
000523.SZ,食品
000524.SZ,旅游服务
000525.SZ,农药化肥
000526.SZ,文教休闲
000528.SZ,工程机械
000529.SZ,食品
000530.SZ,机械基件
000531.SZ,火力发电
000532.SZ,多元金融
000533.SZ,电气设备
000534.SZ,生物制药
000536.SZ,元器件
000537.SZ,新型电力
000538.SZ,中成药
000539.SZ,火力发电
000541.SZ,家用电器
000543.SZ,火力发电
000544.SZ,环境保护
000545.SZ,化工原料
000546.SZ,环境保护
000547.SZ,通信设备
000548.SZ,路桥
000550.SZ,汽车整车
000551.SZ,专用机械
000552.SZ,煤炭开采
000553.SZ,农药化肥
000554.SZ,石油贸易
000555.SZ,软件服务
000557.SZ,铁路
000558.SZ,旅游景点
000559.SZ,汽车配件
000560.SZ,房产服务
000561.SZ,通信设备
000563.SZ,多元金融
000564.SZ,百货
000565.SZ,染料涂料
000566.SZ,化学制药
000567.SZ,多元金融
000568.SZ,白酒
000570.SZ,农用机械
000571.SZ,煤炭开采
000572.SZ,汽车整车
000573.SZ,区域地产
000576.SZ,电气设备
000581.SZ,汽车配件
000582.SZ,港口
000586.SZ,通信设备
000589.SZ,汽车配件
000590.SZ,中成药
000591.SZ,新型电力
000592.SZ,林业
000593.SZ,供气供热
000595.SZ,新型电力
000596.SZ,白酒
000597.SZ,化学制药
000598.SZ,水务
000599.SZ,汽车配件
000600.SZ,火力发电
000601.SZ,水力发电
000603.SZ,铅锌
000605.SZ,水务
000607.SZ,广告包装
000608.SZ,区域地产
000609.SZ,区域地产
000610.SZ,旅游服务
000612.SZ,铝
000615.SZ,医疗保健
000617.SZ,多元金融
000619.SZ,其他建材
000620.SZ,全国地产
000623.SZ,中成药
000625.SZ,汽车整车
000626.SZ,商贸代理
000628.SZ,建筑工程
000629.SZ,小金属
000630.SZ,铜
000631.SZ,综合类
000632.SZ,综合类
000633.SZ,小金属
000635.SZ,化工原料
000636.SZ,元器件
000637.SZ,石油加工
000638.SZ,农业综合
000639.SZ,食品
000650.SZ,中成药
000651.SZ,家用电器
000652.SZ,批发业
000655.SZ,普钢
000656.SZ,全国地产
000657.SZ,小金属
000659.SZ,广告包装
000661.SZ,生物制药
000663.SZ,林业
000665.SZ,影视音像
000668.SZ,房产服务
000669.SZ,供气供热
000670.SZ,元器件
000672.SZ,水泥
000676.SZ,互联网
000677.SZ,化纤
000678.SZ,汽车配件
000679.SZ,百货
000680.SZ,工程机械
000681.SZ,互联网
000682.SZ,电气设备
000683.SZ,化工原料
000685.SZ,水务
000686.SZ,证券
000688.SZ,铅锌
000690.SZ,火力发电
000691.SZ,化工原料
000692.SZ,供气供热
000695.SZ,化工原料
000697.SZ,航空
000698.SZ,石油加工
000700.SZ,汽车配件
000701.SZ,商贸代理
000702.SZ,饲料
000703.SZ,化纤
000705.SZ,医药商业
000707.SZ,化工原料
000708.SZ,特种钢
000709.SZ,普钢
000710.SZ,医疗保健
000711.SZ,环境保护
000712.SZ,证券
000713.SZ,种植业
000715.SZ,百货
000716.SZ,食品
000717.SZ,普钢
000718.SZ,区域地产
000719.SZ,出版业
000720.SZ,电气设备
000721.SZ,酒店餐饮
000722.SZ,水力发电
000723.SZ,焦炭加工
000725.SZ,元器件
000726.SZ,纺织
000727.SZ,元器件
000728.SZ,证券
000729.SZ,啤酒
000731.SZ,农药化肥
000733.SZ,元器件
000735.SZ,农业综合
000736.SZ,全国地产
000737.SZ,铜
000738.SZ,航空
000739.SZ,化学制药
000750.SZ,证券
000751.SZ,铅锌
000752.SZ,啤酒
000753.SZ,综合类
000755.SZ,路桥
000756.SZ,化学制药
000757.SZ,汽车服务
000758.SZ,铅锌
000759.SZ,超市连锁
000761.SZ,普钢
000762.SZ,小金属
000766.SZ,化学制药
000767.SZ,火力发电
000768.SZ,航空
000776.SZ,证券
000777.SZ,机械基件
000778.SZ,钢加工
000779.SZ,建筑工程
000782.SZ,化纤
000783.SZ,证券
000785.SZ,百货
000786.SZ,其他建材
000788.SZ,化学制药
000789.SZ,水泥
000790.SZ,中成药
000791.SZ,水力发电
000792.SZ,农药化肥
000793.SZ,出版业
000795.SZ,矿物制品
000796.SZ,旅游服务
000797.SZ,全国地产
000798.SZ,渔业
000799.SZ,白酒
000800.SZ,汽车整车
000801.SZ,家用电器
000802.SZ,影视音像
000803.SZ,环境保护
000807.SZ,铝
000809.SZ,电气设备
000810.SZ,家用电器
000811.SZ,工程机械
000812.SZ,广告包装
000813.SZ,化学制药
000815.SZ,通信设备
000816.SZ,农用机械
000818.SZ,化工原料
000819.SZ,石油加工
000820.SZ,综合类
000821.SZ,电气设备
000822.SZ,化工原料
000823.SZ,元器件
000825.SZ,特种钢
000826.SZ,环境保护
000828.SZ,路桥
000829.SZ,其他商业
000830.SZ,化工原料
000831.SZ,小金属
000833.SZ,综合类
000837.SZ,机床制造
000838.SZ,区域地产
000839.SZ,综合类
000848.SZ,软饮料
000850.SZ,纺织
000852.SZ,化工机械
000856.SZ,专用机械
000858.SZ,白酒
000859.SZ,塑料
000860.SZ,白酒
000862.SZ,新型电力
000863.SZ,区域地产
000868.SZ,汽车整车
000869.SZ,红黄酒
000875.SZ,火力发电
000876.SZ,饲料
000877.SZ,水泥
000878.SZ,铜
000880.SZ,专用机械
000881.SZ,化工原料
000882.SZ,其他商业
000883.SZ,水力发电
000885.SZ,环境保护
000886.SZ,区域地产
000887.SZ,汽车配件
000888.SZ,旅游景点
000889.SZ,通信设备
000890.SZ,环境保护
000892.SZ,影视音像
000893.SZ,农药化肥
000895.SZ,食品
000897.SZ,区域地产
000898.SZ,普钢
000899.SZ,火力发电
000900.SZ,路桥
000901.SZ,汽车配件
000902.SZ,农药化肥
000903.SZ,汽车配件
000905.SZ,港口
000906.SZ,仓储物流
000908.SZ,化学制药
000909.SZ,区域地产
000910.SZ,家居用品
000911.SZ,食品
000912.SZ,农药化肥
000913.SZ,摩托车
000915.SZ,化学制药
000917.SZ,广告包装
000919.SZ,化学制药
000920.SZ,塑料
000921.SZ,家用电器
000922.SZ,电气设备
000923.SZ,普钢
000925.SZ,运输设备
000926.SZ,区域地产
000927.SZ,仓储物流
000928.SZ,建筑工程
000929.SZ,啤酒
000930.SZ,农业综合
000931.SZ,化学制药
000932.SZ,普钢
000933.SZ,铝
000935.SZ,水泥
000936.SZ,化纤
000937.SZ,煤炭开采
000938.SZ,IT设备
000948.SZ,软件服务
000949.SZ,化纤
000950.SZ,医药商业
000951.SZ,汽车整车
000952.SZ,化学制药
000953.SZ,化学制药
000955.SZ,纺织
000957.SZ,汽车整车
000958.SZ,新型电力
000959.SZ,普钢
000960.SZ,小金属
000962.SZ,小金属
000963.SZ,化学制药
000965.SZ,区域地产
000966.SZ,火力发电
000967.SZ,环境保护
000968.SZ,石油开采
000969.SZ,小金属
000970.SZ,矿物制品
000972.SZ,食品
000973.SZ,塑料
000975.SZ,黄金
000977.SZ,IT设备
000978.SZ,旅游景点
000980.SZ,汽车配件
000981.SZ,汽车配件
000983.SZ,煤炭开采
000985.SZ,化工原料
000987.SZ,多元金融
000988.SZ,专用机械
000989.SZ,中成药
000990.SZ,化工原料
000993.SZ,水力发电
000995.SZ,白酒
000997.SZ,IT设备
000998.SZ,种植业
000999.SZ,中成药
001201.SZ,农业综合
001202.SZ,仓储物流
001203.SZ,普钢
001205.SZ,水运
001206.SZ,造纸
001207.SZ,化工原料
001208.SZ,电气设备
001209.SZ,服饰
001210.SZ,供气供热
001211.SZ,家居用品
001212.SZ,其他建材
001213.SZ,铁路
001215.SZ,食品
001216.SZ,家居用品
001217.SZ,化工原料
001218.SZ,化工原料
001219.SZ,食品
001220.SZ,仓储物流
001221.SZ,家居用品
001222.SZ,文教休闲
001223.SZ,专用机械
001225.SZ,专用机械
001226.SZ,工程机械
001227.SZ,银行
001228.SZ,仓储物流
001229.SZ,IT设备
001230.SZ,环境保护
001231.SZ,农药化肥
001233.SZ,汽车配件
001234.SZ,服饰
001236.SZ,多元金融
001237.SZ,电气设备
001238.SZ,家居用品
001239.SZ,工程机械
001255.SZ,电气设备
001256.SZ,轻工机械
001257.SZ,小金属
001258.SZ,新型电力
001259.SZ,家用电器
001260.SZ,汽车配件
001266.SZ,电器仪表
001267.SZ,通信设备
001268.SZ,机械基件
001269.SZ,矿物制品
001270.SZ,半导体
001277.SZ,专用机械
001278.SZ,汽车配件
001279.SZ,广告包装
001280.SZ,小金属
001282.SZ,汽车配件
001283.SZ,电气设备
001285.SZ,汽车配件
001286.SZ,火力发电
001287.SZ,元器件
001288.SZ,专用机械
001289.SZ,新型电力
001296.SZ,其他建材
001298.SZ,元器件
001299.SZ,供气供热
001300.SZ,文教休闲
001301.SZ,电气设备
001306.SZ,机械基件
001308.SZ,元器件
001309.SZ,半导体
001311.SZ,汽车配件
001312.SZ,纺织
001313.SZ,饲料
001314.SZ,元器件
001316.SZ,批发业
001317.SZ,铁路
001318.SZ,乳制品
001319.SZ,汽车配件
001322.SZ,家居用品
001323.SZ,家居用品
001324.SZ,运输设备
001325.SZ,橡胶
001326.SZ,电气设备
001328.SZ,日用化工
001330.SZ,影视音像
001331.SZ,供气供热
001332.SZ,专用机械
001333.SZ,化工原料
001335.SZ,化工原料
001336.SZ,专用机械
001337.SZ,黄金
001338.SZ,啤酒
001339.SZ,IT设备
001356.SZ,塑料
001358.SZ,化工原料
001359.SZ,矿物制品
001360.SZ,工程机械
001365.SZ,汽车配件
001366.SZ,饲料
001367.SZ,化学制药
001368.SZ,文教休闲
001369.SZ,化纤
001373.SZ,元器件
001376.SZ,供气供热
001378.SZ,塑料
001379.SZ,机械基件
001380.SZ,汽车配件
001382.SZ,电气设备
001386.SZ,家居用品
001387.SZ,家用电器
001388.SZ,电气设备
001389.SZ,元器件
001390.SZ,纺织
001391.SZ,仓储物流
001393.SZ,电气设备
001395.SZ,专用机械
001396.SZ,建筑工程
001400.SZ,专用机械
001696.SZ,摩托车
001872.SZ,港口
001896.SZ,火力发电
001914.SZ,房产服务
001965.SZ,路桥
001979.SZ,全国地产
002001.SZ,化学制药
002003.SZ,服饰
002004.SZ,农药化肥
002005.SZ,家用电器
002006.SZ,专用机械
002007.SZ,生物制药
002008.SZ,专用机械
002009.SZ,工程机械
002010.SZ,仓储物流
002011.SZ,家用电器
002012.SZ,造纸
002014.SZ,塑料
002015.SZ,新型电力
002016.SZ,区域地产
002017.SZ,通信设备
002019.SZ,化学制药
002020.SZ,化学制药
002021.SZ,纺织机械
002022.SZ,医疗保健
002023.SZ,航空
002024.SZ,电器连锁
002025.SZ,元器件
002026.SZ,机械基件
002027.SZ,广告包装
002028.SZ,电气设备
002029.SZ,服饰
002030.SZ,医疗保健
002031.SZ,汽车配件
002032.SZ,家用电器
002033.SZ,旅游景点
002034.SZ,环境保护
002035.SZ,家用电器
002036.SZ,元器件
002037.SZ,化工原料
002038.SZ,生物制药
002039.SZ,水力发电
002040.SZ,港口
002041.SZ,种植业
002042.SZ,纺织
002043.SZ,其他建材
002044.SZ,医疗保健
002045.SZ,元器件
002046.SZ,机械基件
002047.SZ,装修装饰
002048.SZ,汽车配件
002049.SZ,半导体
002050.SZ,家用电器
002051.SZ,建筑工程
002052.SZ,家用电器
002053.SZ,新型电力
002054.SZ,染料涂料
002055.SZ,元器件
002056.SZ,电气设备
002057.SZ,矿物制品
002058.SZ,电气设备
002059.SZ,旅游景点
002060.SZ,建筑工程
002061.SZ,建筑工程
002062.SZ,建筑工程
002063.SZ,软件服务
002064.SZ,化纤
002065.SZ,软件服务
002066.SZ,其他建材
002067.SZ,造纸
002068.SZ,化工原料
002069.SZ,渔业
002072.SZ,商贸代理
002073.SZ,专用机械
002074.SZ,电气设备
002075.SZ,特种钢
002076.SZ,家用电器
002077.SZ,半导体
002078.SZ,造纸
002079.SZ,电气设备
002080.SZ,玻璃
002081.SZ,装修装饰
002082.SZ,中成药
002083.SZ,纺织
002084.SZ,家居用品
002085.SZ,汽车配件
002086.SZ,渔业
002088.SZ,矿物制品
002090.SZ,电气设备
002091.SZ,商贸代理
002092.SZ,化工原料
002093.SZ,文教休闲
002094.SZ,日用化工
002095.SZ,互联网
002096.SZ,化工原料
002097.SZ,工程机械
002098.SZ,服饰
002099.SZ,化学制药
002100.SZ,饲料
002101.SZ,汽车配件
002102.SZ,化学制药
002103.SZ,文教休闲
002104.SZ,通信设备
002105.SZ,摩托车
002106.SZ,元器件
002107.SZ,中成药
002108.SZ,塑料
002109.SZ,化工原料
002110.SZ,普钢
002111.SZ,航空
002112.SZ,电气设备
002114.SZ,铅锌
002115.SZ,互联网
002116.SZ,建筑工程
002117.SZ,广告包装
002119.SZ,半导体
002120.SZ,仓储物流
002121.SZ,电器仪表
002122.SZ,机床制造
002123.SZ,互联网
002124.SZ,农业综合
002125.SZ,化工原料
002126.SZ,汽车配件
002127.SZ,互联网
002128.SZ,煤炭开采
002129.SZ,电气设备
002130.SZ,电气设备
002131.SZ,互联网
002132.SZ,钢加工
002133.SZ,全国地产
002134.SZ,元器件
002135.SZ,钢加工
002136.SZ,化工原料
002137.SZ,元器件
002138.SZ,元器件
002139.SZ,元器件
002140.SZ,建筑工程
002141.SZ,农业综合
002142.SZ,银行
002144.SZ,纺织
002145.SZ,化工原料
002146.SZ,全国地产
002148.SZ,互联网
002149.SZ,小金属
002150.SZ,机械基件
002151.SZ,通信设备
002152.SZ,IT设备
002153.SZ,软件服务
002154.SZ,服饰
002155.SZ,黄金
002156.SZ,半导体
002157.SZ,农业综合
002158.SZ,工程机械
002159.SZ,旅游服务
002160.SZ,铝
002161.SZ,通信设备
002162.SZ,陶瓷
002163.SZ,装修装饰
002164.SZ,机械基件
002165.SZ,化工原料
002166.SZ,中成药
002167.SZ,小金属
002168.SZ,电气设备
002169.SZ,电气设备
002170.SZ,农药化肥
002171.SZ,铜
002172.SZ,医疗保健
002173.SZ,医疗保健
002174.SZ,互联网
002175.SZ,电器仪表
002176.SZ,小金属
002177.SZ,其他商业
002178.SZ,软件服务
002179.SZ,元器件
002180.SZ,IT设备
002181.SZ,出版业
002182.SZ,小金属
002183.SZ,仓储物流
002184.SZ,机械基件
002185.SZ,半导体
002186.SZ,酒店餐饮
002187.SZ,百货
002188.SZ,房产服务
002189.SZ,元器件
002190.SZ,汽车配件
002191.SZ,广告包装
002192.SZ,小金属
002193.SZ,纺织
002194.SZ,通信设备
002195.SZ,软件服务
002196.SZ,纺织机械
002197.SZ,IT设备
002198.SZ,中成药
002199.SZ,元器件
002200.SZ,建筑工程
002201.SZ,玻璃
002202.SZ,电气设备
002203.SZ,铜
002204.SZ,专用机械
002205.SZ,水泥
002206.SZ,化纤
002207.SZ,石油开采
002208.SZ,区域地产
002209.SZ,轻工机械
002210.SZ,环境保护
002211.SZ,橡胶
002212.SZ,软件服务
002213.SZ,半导体
002214.SZ,电器仪表
002215.SZ,农药化肥
002216.SZ,食品
002217.SZ,元器件
002218.SZ,新型电力
002219.SZ,医疗保健
002221.SZ,石油加工
002222.SZ,元器件
002223.SZ,医疗保健
002224.SZ,橡胶
002225.SZ,其他建材
002226.SZ,化工原料
002227.SZ,电气设备
002228.SZ,广告包装
002229.SZ,广告包装
002230.SZ,软件服务
002232.SZ,软件服务
002233.SZ,水泥
002234.SZ,农业综合
002235.SZ,造纸
002236.SZ,IT设备
002237.SZ,黄金
002238.SZ,影视音像
002239.SZ,汽车配件
002240.SZ,小金属
002241.SZ,元器件
002242.SZ,家用电器
002243.SZ,广告包装
002244.SZ,区域地产
002245.SZ,电气设备
002246.SZ,化工原料
002247.SZ,其他建材
002248.SZ,机床制造
002249.SZ,电气设备
002250.SZ,化工原料
002251.SZ,超市连锁
002252.SZ,生物制药
002253.SZ,软件服务
002254.SZ,化纤
002255.SZ,专用机械
002256.SZ,新型电力
002258.SZ,农药化肥
002259.SZ,供气供热
002261.SZ,软件服务
002262.SZ,化学制药
002263.SZ,塑料
002264.SZ,互联网
002265.SZ,专用机械
002266.SZ,环境保护
002267.SZ,供气供热
002268.SZ,IT设备
002269.SZ,服饰
002270.SZ,电气设备
002271.SZ,其他建材
002272.SZ,机械基件
002273.SZ,元器件
002274.SZ,农药化肥
002275.SZ,中成药
002276.SZ,电气设备
002277.SZ,百货
002278.SZ,化工机械
002279.SZ,软件服务
002281.SZ,通信设备
002282.SZ,机械基件
002283.SZ,汽车配件
002284.SZ,汽车配件
002285.SZ,房产服务
002286.SZ,食品
002287.SZ,中成药
002289.SZ,元器件
002290.SZ,家用电器
002291.SZ,广告包装
002292.SZ,影视音像
002293.SZ,纺织
002294.SZ,化学制药
002295.SZ,铜
002296.SZ,通信设备
002297.SZ,航空
002298.SZ,电气设备
002299.SZ,农业综合
002300.SZ,电气设备
002301.SZ,文教休闲
002302.SZ,水泥
002303.SZ,造纸
002304.SZ,白酒
002305.SZ,区域地产
002306.SZ,酒店餐饮
002307.SZ,建筑工程
002309.SZ,电气设备
002310.SZ,新型电力
002311.SZ,饲料
002312.SZ,化工原料
002313.SZ,通信设备
002314.SZ,区域地产
002315.SZ,互联网
002316.SZ,软件服务
002317.SZ,中成药
002318.SZ,特种钢
002319.SZ,染料涂料
002320.SZ,水运
002321.SZ,农业综合
002322.SZ,软件服务
002323.SZ,建筑工程
002324.SZ,塑料
002326.SZ,化工原料
002327.SZ,纺织
002328.SZ,汽车配件
002329.SZ,乳制品
002330.SZ,食品
002331.SZ,软件服务
002332.SZ,化学制药
002333.SZ,其他建材
002334.SZ,电气设备
002335.SZ,电气设备
002337.SZ,化工机械
002338.SZ,电器仪表
002339.SZ,电气设备
002340.SZ,小金属
002342.SZ,机械基件
002343.SZ,影视音像
002344.SZ,商品城
002345.SZ,服饰
002346.SZ,电气设备
002347.SZ,机械基件
002348.SZ,文教休闲
002349.SZ,中成药
002350.SZ,电气设备
002351.SZ,IT设备
002352.SZ,仓储物流
002353.SZ,化工机械
002354.SZ,互联网
002355.SZ,汽车配件
002356.SZ,其他商业
002357.SZ,公共交通
002358.SZ,电气设备
002360.SZ,化工原料
002361.SZ,化工原料
002362.SZ,软件服务
002363.SZ,汽车配件
002364.SZ,电气设备
002365.SZ,化学制药
002366.SZ,专用机械
002367.SZ,运输设备
002368.SZ,软件服务
002369.SZ,通信设备
002370.SZ,化学制药
002371.SZ,半导体
002372.SZ,其他建材
002373.SZ,软件服务
002374.SZ,广告包装
002375.SZ,装修装饰
002376.SZ,IT设备
002377.SZ,其他建材
002378.SZ,小金属
002379.SZ,铝
002380.SZ,软件服务
002381.SZ,橡胶
002382.SZ,医疗保健
002383.SZ,通信设备
002384.SZ,元器件
002385.SZ,饲料
002386.SZ,化工原料
002387.SZ,元器件
002388.SZ,元器件
002389.SZ,航空
002390.SZ,医药商业
002391.SZ,农药化肥
002392.SZ,其他建材
002393.SZ,化学制药
002394.SZ,纺织
002395.SZ,塑料
002396.SZ,通信设备
002397.SZ,纺织
002398.SZ,其他建材
002399.SZ,化学制药
002400.SZ,广告包装
002401.SZ,软件服务
002402.SZ,元器件
002403.SZ,家用电器
002404.SZ,纺织
002405.SZ,软件服务
002406.SZ,汽车配件
002407.SZ,化工原料
002408.SZ,化工原料
002409.SZ,半导体
002410.SZ,软件服务
002412.SZ,中成药
002413.SZ,通信设备
002414.SZ,电器仪表
002415.SZ,IT设备
002416.SZ,电器连锁
002418.SZ,家用电器
002419.SZ,百货
002420.SZ,家用电器
002421.SZ,软件服务
002422.SZ,化学制药
002423.SZ,多元金融
002424.SZ,中成药
002425.SZ,互联网
002426.SZ,元器件
002427.SZ,化纤
002428.SZ,小金属
002429.SZ,家用电器
002430.SZ,化工机械
002431.SZ,建筑工程
002432.SZ,医疗保健
002434.SZ,汽车配件
002436.SZ,元器件
002437.SZ,化学制药
002438.SZ,机械基件
002439.SZ,软件服务
002440.SZ,染料涂料
002441.SZ,电气设备
002442.SZ,化工原料
002443.SZ,钢加工
002444.SZ,轻工机械
002445.SZ,钢加工
002446.SZ,通信设备
002448.SZ,汽车配件
002449.SZ,半导体
002451.SZ,电气设备
002452.SZ,电气设备
002453.SZ,化工原料
002454.SZ,汽车配件
002455.SZ,化工原料
002456.SZ,元器件
002457.SZ,塑料
002458.SZ,农业综合
002459.SZ,电气设备
002460.SZ,小金属
002461.SZ,啤酒
002462.SZ,医药商业
002463.SZ,元器件
002465.SZ,通信设备
002466.SZ,小金属
002467.SZ,互联网
002468.SZ,仓储物流
002469.SZ,化工原料
002470.SZ,农药化肥
002471.SZ,电气设备
002472.SZ,汽车配件
002474.SZ,软件服务
002475.SZ,元器件
002476.SZ,化工原料
002478.SZ,钢加工
002479.SZ,新型电力
002480.SZ,运输设备
002481.SZ,食品
002482.SZ,装修装饰
002483.SZ,专用机械
002484.SZ,元器件
002485.SZ,商贸代理
002486.SZ,服饰
002487.SZ,电气设备
002488.SZ,汽车配件
002489.SZ,家居用品
002490.SZ,化工机械
002491.SZ,通信设备
002492.SZ,仓储物流
002493.SZ,化纤
002494.SZ,服饰
002495.SZ,食品
002496.SZ,农药化肥
002497.SZ,小金属
002498.SZ,电气设备
002500.SZ,证券
002501.SZ,铝
002506.SZ,电气设备
002507.SZ,食品
002508.SZ,家用电器
002510.SZ,汽车配件
002511.SZ,造纸
002512.SZ,IT设备
002513.SZ,新型电力
002514.SZ,机械基件
002515.SZ,食品
002516.SZ,汽车配件
002517.SZ,互联网
002518.SZ,电气设备
002519.SZ,通信设备
002520.SZ,机床制造
002521.SZ,造纸
002522.SZ,塑料
002523.SZ,专用机械
002524.SZ,医疗保健
002526.SZ,工程机械
002527.SZ,电器仪表
002528.SZ,IT设备
002529.SZ,专用机械
002530.SZ,专用机械
002531.SZ,电气设备
002532.SZ,铝
002533.SZ,电气设备
002534.SZ,专用机械
002535.SZ,工程机械
002536.SZ,汽车配件
002537.SZ,汽车配件
002538.SZ,农药化肥
002539.SZ,农药化肥
002540.SZ,铝
002541.SZ,钢加工
002542.SZ,建筑工程
002543.SZ,家用电器
002544.SZ,通信设备
002545.SZ,农药化肥
002546.SZ,电气设备
002547.SZ,汽车配件
002548.SZ,饲料
002549.SZ,环境保护
002550.SZ,生物制药
002551.SZ,医疗保健
002552.SZ,元器件
002553.SZ,汽车配件
002554.SZ,石油开采
002555.SZ,互联网
002556.SZ,农药化肥
002557.SZ,食品
002558.SZ,互联网
002559.SZ,机床制造
002560.SZ,电气设备
002561.SZ,百货
002562.SZ,化学制药
002563.SZ,服饰
002564.SZ,化工机械
002565.SZ,造纸
002566.SZ,中成药
002567.SZ,饲料
002568.SZ,红黄酒
002569.SZ,服饰
002570.SZ,乳制品
002571.SZ,家居用品
002572.SZ,家居用品
002573.SZ,环境保护
002574.SZ,服饰
002575.SZ,文教休闲
002576.SZ,电气设备
002577.SZ,IT设备
002578.SZ,铝
002579.SZ,元器件
002580.SZ,电气设备
002581.SZ,生物制药
002582.SZ,食品
002583.SZ,通信设备
002584.SZ,化工原料
002585.SZ,塑料
002586.SZ,建筑工程
002587.SZ,元器件
002588.SZ,农药化肥
002589.SZ,医药商业
002590.SZ,汽车配件
002591.SZ,环境保护
002592.SZ,汽车配件
002593.SZ,钢加工
002594.SZ,汽车整车
002595.SZ,专用机械
002596.SZ,水泥
002597.SZ,食品
002598.SZ,机械基件
002599.SZ,广告包装
002600.SZ,元器件
002601.SZ,化工原料
002602.SZ,互联网
002603.SZ,中成药
002605.SZ,互联网
002606.SZ,电气设备
002607.SZ,文教休闲
002608.SZ,火力发电
002609.SZ,软件服务
002611.SZ,轻工机械
002612.SZ,服饰
002613.SZ,专用机械
002614.SZ,家用电器
002615.SZ,家居用品
002616.SZ,环境保护
002617.SZ,电气设备
002620.SZ,装修装饰
002622.SZ,医疗保健
002623.SZ,玻璃
002624.SZ,互联网
002625.SZ,航空
002626.SZ,医疗保健
002627.SZ,旅游景点
002628.SZ,建筑工程
002629.SZ,石油开采
002630.SZ,专用机械
002631.SZ,家居用品
002632.SZ,塑料
002633.SZ,机械基件
002634.SZ,服饰
002635.SZ,元器件
002636.SZ,元器件
002637.SZ,日用化工
002638.SZ,家用电器
002639.SZ,专用机械
002640.SZ,互联网
002641.SZ,塑料
002642.SZ,软件服务
002643.SZ,化工原料
002644.SZ,中成药
002645.SZ,专用机械
002646.SZ,白酒
002647.SZ,多元金融
002648.SZ,化工原料
002649.SZ,软件服务
002650.SZ,食品
002651.SZ,航空
002652.SZ,其他建材
002653.SZ,化学制药
002654.SZ,互联网
002655.SZ,元器件
002656.SZ,服饰
002657.SZ,软件服务
002658.SZ,环境保护
002659.SZ,文教休闲
002660.SZ,电气设备
002661.SZ,食品
002662.SZ,汽车配件
002663.SZ,建筑工程
002664.SZ,汽车配件
002666.SZ,化工原料
002667.SZ,小金属
002668.SZ,家用电器
002669.SZ,化工原料
002670.SZ,证券
002671.SZ,水泥
002672.SZ,环境保护
002673.SZ,证券
002674.SZ,纺织
002675.SZ,化学制药
002676.SZ,家用电器
002677.SZ,家用电器
002678.SZ,文教休闲
002679.SZ,林业
002681.SZ,元器件
002682.SZ,仓储物流
002683.SZ,化工原料
002685.SZ,机床制造
002686.SZ,专用机械
002687.SZ,服饰
002688.SZ,农业综合
002689.SZ,运输设备
002690.SZ,专用机械
002691.SZ,专用机械
002692.SZ,电气设备
002693.SZ,生物制药
002694.SZ,塑料
002695.SZ,食品
002696.SZ,饲料
002697.SZ,超市连锁
002698.SZ,化工机械
002700.SZ,供气供热
002701.SZ,广告包装
002702.SZ,食品
002703.SZ,汽车配件
002705.SZ,家用电器
002706.SZ,电气设备
002707.SZ,旅游服务
002708.SZ,汽车配件
002709.SZ,化工原料
002712.SZ,广告包装
002713.SZ,装修装饰
002714.SZ,农业综合
002715.SZ,汽车配件
002716.SZ,小金属
002717.SZ,环境保护
002718.SZ,其他建材
002719.SZ,乳制品
002721.SZ,服饰
002722.SZ,钢加工
002723.SZ,家用电器
002724.SZ,元器件
002725.SZ,汽车配件
002726.SZ,食品
002727.SZ,医药商业
002728.SZ,中成药
002729.SZ,元器件
002730.SZ,专用机械
002731.SZ,服饰
002732.SZ,乳制品
002733.SZ,电气设备
002734.SZ,农药化肥
002735.SZ,塑料
002736.SZ,证券
002737.SZ,中成药
002738.SZ,小金属
002739.SZ,影视音像
002741.SZ,化工原料
002742.SZ,水泥
002743.SZ,钢加工
002745.SZ,元器件
002746.SZ,农业综合
002747.SZ,机械基件
002748.SZ,化工原料
002749.SZ,农药化肥
002752.SZ,广告包装
002753.SZ,化工原料
002755.SZ,化学制药
002756.SZ,小金属
002757.SZ,专用机械
002758.SZ,批发业
002759.SZ,电气设备
002760.SZ,机械基件
002761.SZ,建筑工程
002762.SZ,服饰
002763.SZ,服饰
002765.SZ,元器件
002766.SZ,汽车配件
002767.SZ,电器仪表
002768.SZ,塑料
002769.SZ,仓储物流
002771.SZ,软件服务
002772.SZ,种植业
002773.SZ,化学制药
002774.SZ,运输设备
002775.SZ,建筑工程
002777.SZ,软件服务
002778.SZ,环境保护
002779.SZ,农用机械
002780.SZ,服饰
002782.SZ,元器件
002783.SZ,化工原料
002785.SZ,其他建材
002786.SZ,专用机械
002787.SZ,广告包装
002788.SZ,医药商业
002789.SZ,装修装饰
002790.SZ,家居用品
002791.SZ,其他建材
002792.SZ,通信设备
002793.SZ,化学制药
002795.SZ,机械基件
002796.SZ,通信设备
002797.SZ,证券
002798.SZ,家居用品
002799.SZ,广告包装
002800.SZ,仓储物流
002801.SZ,电气设备
002802.SZ,化工原料
002803.SZ,互联网
002805.SZ,电气设备
002806.SZ,汽车配件
002807.SZ,银行
002808.SZ,元器件
002809.SZ,化工原料
002810.SZ,化工原料
002811.SZ,装修装饰
002812.SZ,电气设备
002813.SZ,汽车配件
002815.SZ,元器件
002816.SZ,专用机械
002817.SZ,化学制药
002818.SZ,其他商业
002819.SZ,电器仪表
002820.SZ,食品
002821.SZ,生物制药
002822.SZ,装修装饰
002823.SZ,机械基件
002824.SZ,铝
002825.SZ,化工原料
002826.SZ,化学制药
002827.SZ,化工原料
002828.SZ,石油开采
002829.SZ,航空
002830.SZ,装修装饰
002831.SZ,广告包装
002832.SZ,服饰
002833.SZ,专用机械
002835.SZ,IT设备
002836.SZ,广告包装
002837.SZ,专用机械
002838.SZ,塑料
002839.SZ,银行
002840.SZ,食品
002841.SZ,元器件
002842.SZ,小金属
002843.SZ,钢加工
002845.SZ,元器件
002846.SZ,广告包装
002847.SZ,食品
002848.SZ,家用电器
002849.SZ,电器仪表
002850.SZ,电气设备
002851.SZ,电气设备
002852.SZ,食品
002853.SZ,家居用品
002855.SZ,元器件
002856.SZ,装修装饰
002857.SZ,电器仪表
002858.SZ,文教休闲
002859.SZ,元器件
002860.SZ,家用电器
002861.SZ,元器件
002862.SZ,文教休闲
002863.SZ,汽车配件
002864.SZ,中成药
002865.SZ,电气设备
002866.SZ,IT设备
002867.SZ,服饰
002868.SZ,农业综合
002869.SZ,通信设备
002870.SZ,汽车配件
002871.SZ,机械基件
002872.SZ,医药商业
002873.SZ,中成药
002875.SZ,服饰
002876.SZ,元器件
002877.SZ,机械基件
002878.SZ,广告包装
002879.SZ,电气设备
002880.SZ,生物制药
002881.SZ,元器件
002882.SZ,电气设备
002883.SZ,建筑工程
002884.SZ,机械基件
002885.SZ,元器件
002886.SZ,塑料
002887.SZ,环境保护
002888.SZ,元器件
002889.SZ,仓储物流
002890.SZ,农用机械
002891.SZ,饲料
002892.SZ,电气设备
002893.SZ,供气供热
002895.SZ,化工原料
002896.SZ,机械基件
002897.SZ,元器件
002898.SZ,化学制药
002899.SZ,文教休闲
002900.SZ,化学制药
002901.SZ,医疗保健
002902.SZ,通信设备
002903.SZ,机床制造
002905.SZ,影视音像
002906.SZ,汽车配件
002907.SZ,中成药
002908.SZ,软件服务
002909.SZ,化工原料
002910.SZ,乳制品
002911.SZ,供气供热
002912.SZ,IT设备
002913.SZ,元器件
002915.SZ,化工原料
002916.SZ,元器件
002917.SZ,化工原料
002918.SZ,陶瓷
002919.SZ,互联网
002920.SZ,汽车配件
002921.SZ,汽车配件
002922.SZ,电气设备
002923.SZ,化学制药
002925.SZ,元器件
002926.SZ,证券
002927.SZ,电气设备
002928.SZ,空运
002929.SZ,通信设备
002930.SZ,仓储物流
002931.SZ,机械基件
002932.SZ,医疗保健
002933.SZ,航空
002935.SZ,航空
002936.SZ,银行
002937.SZ,元器件
002938.SZ,元器件
002939.SZ,证券
002940.SZ,化学制药
002941.SZ,建筑工程
002942.SZ,农药化肥
002943.SZ,机床制造
002945.SZ,证券
002946.SZ,乳制品
002947.SZ,元器件
002948.SZ,银行
002949.SZ,建筑工程
002950.SZ,医疗保健
002951.SZ,广告包装
002952.SZ,元器件
002953.SZ,电气设备
002955.SZ,IT设备
002956.SZ,食品
002957.SZ,专用机械
002958.SZ,银行
002959.SZ,家用电器
002960.SZ,专用机械
002961.SZ,多元金融
002962.SZ,元器件
002963.SZ,装修装饰
002965.SZ,汽车配件
002966.SZ,银行
002967.SZ,电器仪表
002968.SZ,房产服务
002969.SZ,广告包装
002970.SZ,IT设备
002971.SZ,化工原料
002972.SZ,运输设备
002973.SZ,环境保护
002975.SZ,专用机械
002976.SZ,汽车配件
002977.SZ,通信设备
002978.SZ,小金属
002979.SZ,专用机械
002980.SZ,电器仪表
002981.SZ,元器件
002982.SZ,农业综合
002983.SZ,元器件
002984.SZ,汽车配件
002985.SZ,航空
002986.SZ,化工原料
002987.SZ,软件服务
002988.SZ,铝
002989.SZ,装修装饰
002990.SZ,软件服务
002991.SZ,食品
002992.SZ,元器件
002993.SZ,元器件
002995.SZ,互联网
002996.SZ,铝
002997.SZ,汽车配件
002998.SZ,化纤
002999.SZ,批发业
003000.SZ,食品
003001.SZ,建筑工程
003002.SZ,化工原料
003003.SZ,广告包装
003004.SZ,IT设备
003005.SZ,软件服务
003006.SZ,造纸
003007.SZ,软件服务
003008.SZ,电气设备
003009.SZ,航空
003010.SZ,互联网
003011.SZ,家居用品
003012.SZ,陶瓷
003013.SZ,建筑工程
003015.SZ,元器件
003016.SZ,服饰
003017.SZ,化工原料
003018.SZ,塑料
003019.SZ,元器件
003020.SZ,化学制药
003021.SZ,元器件
003022.SZ,化工原料
003023.SZ,家用电器
003025.SZ,机床制造
003026.SZ,半导体
003027.SZ,环境保护
003028.SZ,元器件
003029.SZ,软件服务
003030.SZ,食品
003031.SZ,元器件
003032.SZ,文教休闲
003033.SZ,汽车配件
003035.SZ,新型电力
003036.SZ,纺织机械
003037.SZ,水泥
003038.SZ,铝
003039.SZ,水务
003040.SZ,通信设备
003041.SZ,纺织
003042.SZ,农药化肥
003043.SZ,半导体
003816.SZ,新型电力
300001.SZ,电气设备
300002.SZ,互联网
300003.SZ,医疗保健
300004.SZ,电气设备
300005.SZ,服饰
300006.SZ,化学制药
300007.SZ,电器仪表
300008.SZ,船舶
300009.SZ,生物制药
300010.SZ,软件服务
300011.SZ,运输设备
300012.SZ,电器仪表
300013.SZ,仓储物流
300014.SZ,电气设备
300015.SZ,医疗保健
300016.SZ,化学制药
300017.SZ,软件服务
300018.SZ,电气设备
300019.SZ,化工原料
300020.SZ,软件服务
300021.SZ,建筑工程
300022.SZ,农用机械
300024.SZ,专用机械
300025.SZ,通信设备
300026.SZ,中成药
300027.SZ,影视音像
300029.SZ,建筑工程
300030.SZ,医疗保健
300031.SZ,互联网
300032.SZ,元器件
300033.SZ,软件服务
300034.SZ,航空
300035.SZ,电气设备
300036.SZ,软件服务
300037.SZ,化工原料
300039.SZ,中成药
300040.SZ,新型电力
300041.SZ,化工原料
300042.SZ,IT设备
300043.SZ,互联网
300044.SZ,软件服务
300045.SZ,IT设备
300046.SZ,半导体
300047.SZ,软件服务
300048.SZ,电气设备
300049.SZ,医疗保健
300050.SZ,通信设备
300051.SZ,综合类
300052.SZ,互联网
300053.SZ,半导体
300054.SZ,化工原料
300055.SZ,石油加工
300056.SZ,环境保护
300057.SZ,铝
300058.SZ,广告包装
300059.SZ,证券
300061.SZ,互联网
300062.SZ,电气设备
300063.SZ,互联网
300065.SZ,船舶
300066.SZ,电器仪表
300067.SZ,染料涂料
300068.SZ,电气设备
300069.SZ,电气设备
300070.SZ,环境保护
300071.SZ,广告包装
300072.SZ,化工原料
300073.SZ,电气设备
300074.SZ,软件服务
300075.SZ,软件服务
300076.SZ,IT设备
300077.SZ,半导体
300078.SZ,软件服务
300079.SZ,IT设备
300080.SZ,电气设备
300081.SZ,文教休闲
300082.SZ,化工原料
300083.SZ,机床制造
300084.SZ,专用机械
300085.SZ,软件服务
300086.SZ,化学制药
300087.SZ,种植业
300088.SZ,元器件
300091.SZ,机械基件
300092.SZ,专用机械
300093.SZ,电气设备
300094.SZ,渔业
300095.SZ,专用机械
300096.SZ,软件服务
300097.SZ,专用机械
300098.SZ,软件服务
300099.SZ,电器仪表
300100.SZ,汽车配件
300101.SZ,通信设备
300102.SZ,半导体
300103.SZ,专用机械
300105.SZ,环境保护
300106.SZ,乳制品
300107.SZ,化工原料
300109.SZ,化工原料
300110.SZ,化学制药
300111.SZ,化学制药
300112.SZ,电器仪表
300113.SZ,互联网
300115.SZ,元器件
300118.SZ,电气设备
300119.SZ,农业综合
300120.SZ,元器件
300121.SZ,化工原料
300122.SZ,生物制药
300123.SZ,半导体
300124.SZ,电器仪表
300125.SZ,电气设备
300126.SZ,轻工机械
300127.SZ,矿物制品
300128.SZ,元器件
300129.SZ,电气设备
300130.SZ,IT设备
300131.SZ,元器件
300132.SZ,化工原料
300133.SZ,影视音像
300134.SZ,通信设备
300135.SZ,石油加工
300136.SZ,元器件
300137.SZ,环境保护
300138.SZ,食品
300139.SZ,黄金
300140.SZ,环境保护
300141.SZ,电气设备
300142.SZ,生物制药
300143.SZ,医疗保健
300144.SZ,旅游景点
300145.SZ,机械基件
300146.SZ,食品
300147.SZ,中成药
300148.SZ,出版业
300149.SZ,生物制药
300150.SZ,软件服务
300151.SZ,专用机械
300152.SZ,环境保护
300153.SZ,电气设备
300154.SZ,机械基件
300155.SZ,IT设备
300157.SZ,专用机械
300158.SZ,化学制药
300159.SZ,农用机械
300160.SZ,家用电器
300161.SZ,机床制造
300162.SZ,元器件
300163.SZ,家居用品
300164.SZ,石油开采
300165.SZ,电器仪表
300166.SZ,软件服务
300167.SZ,软件服务
300168.SZ,软件服务
300169.SZ,塑料
300170.SZ,软件服务
300171.SZ,医疗保健
300172.SZ,环境保护
300173.SZ,轻工机械
300174.SZ,化工原料
300175.SZ,食品
300176.SZ,汽车配件
300177.SZ,通信设备
300179.SZ,矿物制品
300180.SZ,化纤
300181.SZ,中成药
300182.SZ,影视音像
300183.SZ,通信设备
300184.SZ,元器件
300185.SZ,工程机械
300187.SZ,环境保护
300188.SZ,软件服务
300189.SZ,种植业
300190.SZ,环境保护
300191.SZ,石油开采
300192.SZ,文教休闲
300193.SZ,专用机械
300194.SZ,化学制药
300195.SZ,轻工机械
300196.SZ,玻璃
300197.SZ,环境保护
300198.SZ,塑料
300199.SZ,化学制药
300200.SZ,化工原料
300201.SZ,工程机械
300203.SZ,电器仪表
300204.SZ,生物制药
300205.SZ,通信设备
300206.SZ,医疗保健
300207.SZ,电气设备
300209.SZ,互联网
300210.SZ,专用机械
300211.SZ,通信设备
300212.SZ,软件服务
300213.SZ,通信设备
300214.SZ,化工原料
300215.SZ,电气设备
300217.SZ,家用电器
300218.SZ,塑料
300219.SZ,元器件
300220.SZ,专用机械
300221.SZ,塑料
300222.SZ,电气设备
300223.SZ,半导体
300224.SZ,矿物制品
300225.SZ,染料涂料
300226.SZ,互联网
300227.SZ,专用机械
300228.SZ,化工机械
300229.SZ,软件服务
300230.SZ,塑料
300231.SZ,软件服务
300232.SZ,元器件
300233.SZ,化学制药
300234.SZ,陶瓷
300235.SZ,软件服务
300236.SZ,半导体
300237.SZ,汽车配件
300238.SZ,医疗保健
300239.SZ,生物制药
300240.SZ,仓储物流
300241.SZ,半导体
300242.SZ,互联网
300243.SZ,化工原料
300244.SZ,医疗保健
300245.SZ,软件服务
300246.SZ,医疗保健
300247.SZ,医疗保健
300248.SZ,软件服务
300249.SZ,IT设备
300250.SZ,软件服务
300251.SZ,影视音像
300252.SZ,通信设备
300253.SZ,软件服务
300254.SZ,化学制药
300255.SZ,生物制药
300256.SZ,元器件
300257.SZ,机械基件
300258.SZ,汽车配件
300259.SZ,电器仪表
300260.SZ,机械基件
300261.SZ,农药化肥
300263.SZ,专用机械
300264.SZ,软件服务
300265.SZ,电气设备
300266.SZ,环境保护
300267.SZ,化学制药
300268.SZ,农业综合
300269.SZ,元器件
300270.SZ,IT设备
300271.SZ,软件服务
300272.SZ,家用电器
300274.SZ,电气设备
300275.SZ,工程机械
300276.SZ,专用机械
300277.SZ,机械基件
300278.SZ,专用机械
300279.SZ,元器件
300281.SZ,专用机械
300283.SZ,电气设备
300284.SZ,建筑工程
300285.SZ,陶瓷
300286.SZ,电器仪表
300287.SZ,软件服务
300288.SZ,软件服务
300289.SZ,医疗保健
300290.SZ,软件服务
300291.SZ,影视音像
300292.SZ,互联网
300293.SZ,专用机械
300294.SZ,生物制药
300295.SZ,互联网
300296.SZ,元器件
300298.SZ,医疗保健
300299.SZ,互联网
300300.SZ,软件服务
300301.SZ,半导体
300302.SZ,IT设备
300303.SZ,半导体
300304.SZ,汽车配件
300305.SZ,塑料
300306.SZ,电器仪表
300307.SZ,纺织机械
300308.SZ,通信设备
300310.SZ,通信设备
300311.SZ,软件服务
300313.SZ,农业综合
300314.SZ,医疗保健
300315.SZ,互联网
300316.SZ,专用机械
300317.SZ,电气设备
300318.SZ,医疗保健
300319.SZ,元器件
300320.SZ,橡胶
300321.SZ,塑料
300322.SZ,元器件
300323.SZ,半导体
300324.SZ,软件服务
300326.SZ,医疗保健
300327.SZ,半导体
300328.SZ,小金属
300329.SZ,文教休闲
300331.SZ,元器件
300332.SZ,供气供热
300333.SZ,IT设备
300334.SZ,专用机械
300335.SZ,供气供热
300337.SZ,铝
300338.SZ,文教休闲
300339.SZ,软件服务
300340.SZ,电气设备
300341.SZ,电气设备
300342.SZ,家用电器
300343.SZ,化工原料
300345.SZ,电气设备
300346.SZ,半导体
300347.SZ,医疗保健
300348.SZ,软件服务
300349.SZ,电器仪表
300350.SZ,仓储物流
300351.SZ,运输设备
300352.SZ,软件服务
300353.SZ,通信设备
300354.SZ,电器仪表
300355.SZ,环境保护
300357.SZ,生物制药
300358.SZ,医疗保健
300359.SZ,文教休闲
300360.SZ,电器仪表
300363.SZ,化学制药
300364.SZ,出版业
300365.SZ,软件服务
300366.SZ,软件服务
300368.SZ,IT设备
300369.SZ,软件服务
300370.SZ,电器仪表
300371.SZ,电器仪表
300373.SZ,半导体
300374.SZ,其他建材
300375.SZ,汽车配件
300376.SZ,电气设备
300377.SZ,软件服务
300378.SZ,软件服务
300380.SZ,软件服务
300381.SZ,化学制药
300382.SZ,专用机械
300383.SZ,软件服务
300384.SZ,建筑工程
300385.SZ,环境保护
300386.SZ,IT设备
300387.SZ,农药化肥
300388.SZ,环境保护
300389.SZ,元器件
300390.SZ,电气设备
300393.SZ,塑料
300394.SZ,通信设备
300395.SZ,玻璃
300396.SZ,医疗保健
300397.SZ,通信设备
300398.SZ,化工原料
300399.SZ,互联网
300400.SZ,专用机械
300401.SZ,化学制药
300402.SZ,专用机械
300403.SZ,家用电器
300404.SZ,医疗保健
300405.SZ,化工原料
300406.SZ,医疗保健
300407.SZ,电气设备
300408.SZ,元器件
300409.SZ,电气设备
300410.SZ,专用机械
300411.SZ,专用机械
300412.SZ,医疗保健
300413.SZ,影视音像
300414.SZ,通信设备
300415.SZ,专用机械
300416.SZ,电器仪表
300417.SZ,电器仪表
300418.SZ,互联网
300419.SZ,软件服务
300420.SZ,机械基件
300421.SZ,机械基件
300422.SZ,环境保护
300423.SZ,电气设备
300424.SZ,航空
300425.SZ,环境保护
300426.SZ,影视音像
300427.SZ,电气设备
300428.SZ,汽车配件
300429.SZ,化工原料
300430.SZ,电器仪表
300432.SZ,汽车配件
300433.SZ,元器件
300434.SZ,化学制药
300435.SZ,供气供热
300436.SZ,化学制药
300437.SZ,化工原料
300438.SZ,电气设备
300439.SZ,医疗保健
300440.SZ,软件服务
300441.SZ,机床制造
300442.SZ,软件服务
300443.SZ,电气设备
300444.SZ,电气设备
300445.SZ,电器仪表
300446.SZ,汽车配件
300447.SZ,电气设备
300448.SZ,软件服务
300449.SZ,IT设备
300450.SZ,专用机械
300451.SZ,软件服务
300452.SZ,化学制药
300453.SZ,医疗保健
300454.SZ,软件服务
300455.SZ,IT设备
300456.SZ,半导体
300457.SZ,专用机械
300458.SZ,半导体
300459.SZ,互联网
300460.SZ,元器件
300461.SZ,专用机械
300462.SZ,IT设备
300463.SZ,医疗保健
300464.SZ,机械基件
300465.SZ,软件服务
300466.SZ,电器仪表
300467.SZ,互联网
300468.SZ,软件服务
300469.SZ,软件服务
300470.SZ,机械基件
300471.SZ,专用机械
300472.SZ,专用机械
300473.SZ,汽车配件
300474.SZ,元器件
300475.SZ,元器件
300476.SZ,元器件
300477.SZ,电气设备
300478.SZ,塑料
300479.SZ,软件服务
300480.SZ,专用机械
300481.SZ,化工原料
300482.SZ,医疗保健
300483.SZ,石油开采
300484.SZ,电气设备
300485.SZ,生物制药
300486.SZ,专用机械
300487.SZ,化工原料
300488.SZ,机械基件
300489.SZ,专用机械
300490.SZ,专用机械
300491.SZ,电气设备
300492.SZ,文教休闲
300493.SZ,元器件
300494.SZ,互联网
300496.SZ,软件服务
300497.SZ,化学制药
300498.SZ,农业综合
300499.SZ,专用机械
300500.SZ,建筑工程
300501.SZ,广告包装
300502.SZ,通信设备
300503.SZ,机械基件
300504.SZ,通信设备
300505.SZ,农药化肥
300506.SZ,建筑工程
300507.SZ,汽车配件
300508.SZ,软件服务
300509.SZ,专用机械
300510.SZ,电气设备
300511.SZ,种植业
300512.SZ,专用机械
300513.SZ,软件服务
300514.SZ,电器仪表
300515.SZ,电器仪表
300516.SZ,电器仪表
300517.SZ,建筑工程
300518.SZ,互联网
300519.SZ,中成药
300520.SZ,软件服务
300521.SZ,专用机械
300522.SZ,染料涂料
300523.SZ,软件服务
300525.SZ,软件服务
300527.SZ,专用机械
300528.SZ,影视音像
300529.SZ,医疗保健
300530.SZ,电气设备
300531.SZ,IT设备
300532.SZ,软件服务
300533.SZ,互联网
300534.SZ,中成药
300535.SZ,化工原料
300536.SZ,建筑工程
300537.SZ,染料涂料
300538.SZ,塑料
300539.SZ,塑料
300540.SZ,专用机械
300541.SZ,软件服务
300542.SZ,软件服务
300543.SZ,元器件
300545.SZ,专用机械
300546.SZ,IT设备
300547.SZ,汽车配件
300548.SZ,通信设备
300549.SZ,专用机械
300550.SZ,软件服务
300551.SZ,软件服务
300552.SZ,IT设备
300553.SZ,电器仪表
300554.SZ,矿物制品
300555.SZ,通信设备
300556.SZ,软件服务
300557.SZ,电器仪表
300558.SZ,化学制药
300559.SZ,软件服务
300560.SZ,通信设备
300561.SZ,软件服务
300562.SZ,医疗保健
300563.SZ,通信设备
300564.SZ,建筑工程
300565.SZ,通信设备
300566.SZ,元器件
300567.SZ,电器仪表
300568.SZ,化工原料
300569.SZ,电气设备
300570.SZ,通信设备
300571.SZ,互联网
300572.SZ,电器仪表
300573.SZ,化学制药
300575.SZ,农药化肥
300576.SZ,染料涂料
300577.SZ,纺织
300578.SZ,通信设备
300579.SZ,软件服务
300580.SZ,汽车配件
300581.SZ,航空
300582.SZ,元器件
300583.SZ,化学制药
300584.SZ,化学制药
300585.SZ,汽车配件
300586.SZ,化工原料
300587.SZ,橡胶
300588.SZ,IT设备
300589.SZ,船舶
300590.SZ,通信设备
300591.SZ,服饰
300592.SZ,互联网
300593.SZ,电气设备
300594.SZ,运输设备
300595.SZ,医疗保健
300596.SZ,化工原料
300597.SZ,通信设备
300598.SZ,软件服务
300599.SZ,塑料
300600.SZ,船舶
300601.SZ,生物制药
300602.SZ,元器件
300603.SZ,通信设备
300604.SZ,半导体
300605.SZ,软件服务
300606.SZ,机械基件
300607.SZ,专用机械
300608.SZ,软件服务
300609.SZ,软件服务
300610.SZ,化工原料
300611.SZ,汽车配件
300612.SZ,广告包装
300613.SZ,半导体
300614.SZ,环境保护
300615.SZ,通信设备
300616.SZ,家居用品
300617.SZ,电气设备
300618.SZ,小金属
300619.SZ,专用机械
300620.SZ,通信设备
300621.SZ,装修装饰
300622.SZ,其他商业
300623.SZ,半导体
300624.SZ,软件服务
300625.SZ,家用电器
300626.SZ,电气设备
300627.SZ,通信设备
300628.SZ,通信设备
300629.SZ,元器件
300631.SZ,环境保护
300632.SZ,半导体
300633.SZ,医疗保健
300634.SZ,软件服务
300635.SZ,建筑工程
300636.SZ,化学制药
300637.SZ,化工原料
300638.SZ,通信设备
300639.SZ,医疗保健
300640.SZ,家居用品
300641.SZ,化工原料
300642.SZ,医疗保健
300643.SZ,汽车配件
300644.SZ,塑料
300645.SZ,软件服务
300647.SZ,化工原料
300648.SZ,电气设备
300649.SZ,建筑工程
300650.SZ,元器件
300651.SZ,文教休闲
300652.SZ,汽车配件
300653.SZ,医疗保健
300654.SZ,出版业
300655.SZ,半导体
300656.SZ,IT设备
300657.SZ,元器件
300658.SZ,纺织
300659.SZ,IT设备
300660.SZ,电气设备
300661.SZ,半导体
300662.SZ,文教休闲
300663.SZ,软件服务
300664.SZ,环境保护
300665.SZ,染料涂料
300666.SZ,半导体
300667.SZ,电器仪表
300668.SZ,装修装饰
300669.SZ,运输设备
300670.SZ,电气设备
300671.SZ,半导体
300672.SZ,半导体
300673.SZ,饲料
300674.SZ,软件服务
300675.SZ,建筑工程
300676.SZ,医疗保健
300677.SZ,医疗保健
300678.SZ,软件服务
300679.SZ,元器件
300680.SZ,汽车配件
300681.SZ,汽车配件
300682.SZ,软件服务
300683.SZ,生物制药
300684.SZ,元器件
300685.SZ,医疗保健
300686.SZ,元器件
300687.SZ,软件服务
300688.SZ,文教休闲
300689.SZ,通信设备
300690.SZ,电气设备
300691.SZ,元器件
300692.SZ,环境保护
300693.SZ,电气设备
300694.SZ,汽车配件
300695.SZ,汽车配件
300696.SZ,航空
300697.SZ,铜
300698.SZ,通信设备
300699.SZ,化纤
300700.SZ,矿物制品
300701.SZ,元器件
300702.SZ,化学制药
300703.SZ,文教休闲
300705.SZ,化学制药
300706.SZ,元器件
300707.SZ,汽车配件
300708.SZ,半导体
300709.SZ,元器件
300710.SZ,通信设备
300711.SZ,通信设备
300712.SZ,建筑工程
300713.SZ,电气设备
300715.SZ,其他建材
300716.SZ,塑料
300717.SZ,塑料
300718.SZ,机械基件
300719.SZ,航空
300720.SZ,电器仪表
300721.SZ,化工原料
300722.SZ,航空
300723.SZ,化学制药
300724.SZ,专用机械
300725.SZ,化学制药
300726.SZ,元器件
300727.SZ,化工原料
300729.SZ,家居用品
300730.SZ,软件服务
300731.SZ,橡胶
300732.SZ,建筑工程
300733.SZ,汽车配件
300735.SZ,元器件
300736.SZ,通信设备
300737.SZ,其他建材
300738.SZ,软件服务
300739.SZ,元器件
300740.SZ,日用化工
300741.SZ,食品
300743.SZ,IT设备
300745.SZ,汽车配件
300746.SZ,建筑工程
300747.SZ,专用机械
300748.SZ,矿物制品
300749.SZ,家居用品
300750.SZ,电气设备
300751.SZ,专用机械
300752.SZ,元器件
300753.SZ,医疗保健
300755.SZ,其他商业
300756.SZ,专用机械
300757.SZ,专用机械
300758.SZ,染料涂料
300759.SZ,化学制药
300760.SZ,医疗保健
300761.SZ,农业综合
300762.SZ,通信设备
300763.SZ,电气设备
300765.SZ,食品
300766.SZ,互联网
300767.SZ,橡胶
300768.SZ,软件服务
300769.SZ,化工原料
300770.SZ,影视音像
300771.SZ,IT设备
300772.SZ,电气设备
300773.SZ,软件服务
300774.SZ,环境保护
300775.SZ,航空
300776.SZ,专用机械
300777.SZ,化纤
300778.SZ,建筑工程
300779.SZ,环境保护
300780.SZ,机械基件
300781.SZ,广告包装
300782.SZ,半导体
300783.SZ,食品
300784.SZ,塑料
300785.SZ,互联网
300786.SZ,环境保护
300787.SZ,元器件
300788.SZ,出版业
300789.SZ,运输设备
300790.SZ,元器件
300791.SZ,医疗保健
300792.SZ,互联网
300793.SZ,IT设备
300795.SZ,文教休闲
300796.SZ,农药化肥
300797.SZ,电器仪表
300798.SZ,染料涂料
300800.SZ,环境保护
300801.SZ,化工原料
300802.SZ,专用机械
300803.SZ,软件服务
300804.SZ,农药化肥
300805.SZ,广告包装
300806.SZ,塑料
300807.SZ,软件服务
300808.SZ,家用电器
300809.SZ,机床制造
300810.SZ,船舶
300811.SZ,矿物制品
300812.SZ,专用机械
300813.SZ,医疗保健
300814.SZ,元器件
300815.SZ,环境保护
300816.SZ,汽车配件
300817.SZ,机械基件
300818.SZ,专用机械
300819.SZ,纺织
300820.SZ,电气设备
300821.SZ,化工原料
300822.SZ,元器件
300823.SZ,专用机械
300824.SZ,家用电器
300825.SZ,汽车服务
300826.SZ,建筑工程
300827.SZ,电气设备
300828.SZ,机械基件
300829.SZ,食品
300830.SZ,软件服务
300831.SZ,半导体
300832.SZ,医疗保健
300833.SZ,专用机械
300834.SZ,化工原料
300835.SZ,矿物制品
300836.SZ,专用机械
300837.SZ,专用机械
300838.SZ,机械基件
300839.SZ,石油加工
300840.SZ,服饰
300841.SZ,生物制药
300842.SZ,电气设备
300843.SZ,元器件
300844.SZ,建筑工程
300845.SZ,软件服务
300846.SZ,软件服务
300847.SZ,化工原料
300848.SZ,化工原料
300849.SZ,塑料
300850.SZ,机械基件
300851.SZ,运输设备
300852.SZ,元器件
300853.SZ,专用机械
300854.SZ,环境保护
300855.SZ,小金属
300856.SZ,日用化工
300857.SZ,IT设备
300858.SZ,食品
300859.SZ,旅游服务
300860.SZ,文教休闲
300861.SZ,矿物制品
300862.SZ,电器仪表
300863.SZ,汽车配件
300864.SZ,环境保护
300865.SZ,专用机械
300866.SZ,元器件
300867.SZ,环境保护
300868.SZ,元器件
300869.SZ,医疗保健
300870.SZ,电气设备
300871.SZ,农业综合
300872.SZ,软件服务
300873.SZ,仓储物流
300875.SZ,专用机械
300876.SZ,化纤
300877.SZ,纺织
300878.SZ,中成药
300879.SZ,农用机械
300880.SZ,电器仪表
300881.SZ,钢加工
300882.SZ,电器仪表
300883.SZ,造纸
300884.SZ,IT设备
300885.SZ,机械基件
300886.SZ,化工原料
300887.SZ,电器仪表
300888.SZ,医疗保健
300889.SZ,电气设备
300890.SZ,电气设备
300891.SZ,化工原料
300892.SZ,乳制品
300893.SZ,汽车配件
300894.SZ,家用电器
300895.SZ,软件服务
300896.SZ,医疗保健
300897.SZ,电器仪表
300898.SZ,乳制品
300899.SZ,环境保护
300900.SZ,航空
300901.SZ,服饰
300902.SZ,专用机械
300903.SZ,元器件
300904.SZ,电气设备
300905.SZ,染料涂料
300906.SZ,运输设备
300907.SZ,电气设备
300908.SZ,食品
300909.SZ,元器件
300910.SZ,化工原料
300911.SZ,家用电器
300912.SZ,汽车配件
300913.SZ,通信设备
300915.SZ,乳制品
300916.SZ,元器件
300917.SZ,房产服务
300918.SZ,纺织
300919.SZ,电气设备
300920.SZ,塑料
300921.SZ,互联网
300922.SZ,专用机械
300923.SZ,运输设备
300925.SZ,软件服务
300926.SZ,汽车配件
300927.SZ,化工原料
300928.SZ,汽车配件
300929.SZ,环境保护
300930.SZ,小金属
300931.SZ,运输设备
300932.SZ,电气设备
300933.SZ,电气设备
300935.SZ,软件服务
300936.SZ,元器件
300937.SZ,医药商业
300938.SZ,电器仪表
300939.SZ,元器件
300940.SZ,元器件
300941.SZ,IT设备
300942.SZ,医疗保健
300943.SZ,机械基件
300945.SZ,服饰
300946.SZ,机械基件
300947.SZ,房产服务
300948.SZ,环境保护
300949.SZ,建筑工程
300950.SZ,专用机械
300951.SZ,元器件
300952.SZ,纺织
300953.SZ,电气设备
300955.SZ,日用化工
300956.SZ,元器件
300957.SZ,日用化工
300958.SZ,环境保护
300959.SZ,电信运营
300960.SZ,运输设备
300961.SZ,环境保护
300962.SZ,医疗保健
300963.SZ,小金属
300964.SZ,元器件
300965.SZ,航空
300966.SZ,化学制药
300967.SZ,农业综合
300968.SZ,元器件
300969.SZ,汽车配件
300970.SZ,种植业
300971.SZ,机械基件
300972.SZ,食品
300973.SZ,食品
300975.SZ,元器件
300976.SZ,元器件
300977.SZ,建筑工程
300978.SZ,汽车配件
300979.SZ,服饰
300980.SZ,塑料
300981.SZ,医疗保健
300982.SZ,建筑工程
300983.SZ,建筑工程
300984.SZ,机械基件
300985.SZ,汽车配件
300986.SZ,建筑工程
300987.SZ,互联网
300988.SZ,机械基件
300989.SZ,建筑工程
300990.SZ,专用机械
300991.SZ,元器件
300992.SZ,机械基件
300993.SZ,家居用品
300994.SZ,文教休闲
300995.SZ,塑料
300996.SZ,软件服务
300997.SZ,软饮料
300998.SZ,专用机械
300999.SZ,食品
301000.SZ,汽车配件
301001.SZ,互联网
301002.SZ,电气设备
301003.SZ,塑料
301004.SZ,家居用品
301005.SZ,汽车配件
301006.SZ,电器仪表
301007.SZ,汽车配件
301008.SZ,家用电器
301009.SZ,造纸
301010.SZ,其他建材
301011.SZ,文教休闲
301012.SZ,电气设备
301013.SZ,专用机械
301015.SZ,医药商业
301016.SZ,运输设备
301017.SZ,医药商业
301018.SZ,专用机械
301019.SZ,塑料
301020.SZ,汽车配件
301021.SZ,专用机械
301022.SZ,专用机械
301023.SZ,电气设备
301024.SZ,建筑工程
301025.SZ,出版业
301026.SZ,小金属
301027.SZ,建筑工程
301028.SZ,专用机械
301029.SZ,专用机械
301030.SZ,环境保护
301031.SZ,电气设备
301032.SZ,工程机械
301033.SZ,医疗保健
301035.SZ,农药化肥
301036.SZ,染料涂料
301037.SZ,染料涂料
301038.SZ,建筑工程
301039.SZ,汽车整车
301040.SZ,机械基件
301041.SZ,元器件
301042.SZ,IT设备
301043.SZ,机械基件
301045.SZ,元器件
301046.SZ,建筑工程
301047.SZ,生物制药
301048.SZ,运输设备
301049.SZ,环境保护
301050.SZ,航空
301051.SZ,元器件
301052.SZ,出版业
301053.SZ,专用机械
301055.SZ,家居用品
301056.SZ,运输设备
301057.SZ,化纤
301058.SZ,建筑工程
301059.SZ,化工原料
301060.SZ,医疗保健
301061.SZ,家居用品
301062.SZ,广告包装
301063.SZ,电气设备
301065.SZ,化学制药
301066.SZ,纺织
301067.SZ,元器件
301068.SZ,环境保护
301069.SZ,化工原料
301070.SZ,机械基件
301071.SZ,矿物制品
301072.SZ,汽车配件
301073.SZ,酒店餐饮
301075.SZ,化学制药
301076.SZ,化工原料
301077.SZ,化工原料
301078.SZ,其他商业
301079.SZ,机械基件
301080.SZ,生物制药
301081.SZ,环境保护
301082.SZ,电气设备
301083.SZ,专用机械
301085.SZ,软件服务
301086.SZ,元器件
301087.SZ,医疗保健
301088.SZ,服饰
301089.SZ,化学制药
301090.SZ,化工原料
301091.SZ,建筑工程
301092.SZ,化工原料
301093.SZ,医疗保健
301095.SZ,半导体
301096.SZ,医疗保健
301097.SZ,医疗保健
301098.SZ,建筑工程
301099.SZ,元器件
301100.SZ,化工原料
301101.SZ,文教休闲
301102.SZ,广告包装
301103.SZ,医疗保健
301105.SZ,专用机械
301106.SZ,元器件
301107.SZ,机械基件
301108.SZ,日用化工
301109.SZ,环境保护
301110.SZ,互联网
301111.SZ,中成药
301112.SZ,专用机械
301113.SZ,家居用品
301115.SZ,建筑工程
301116.SZ,食品
301117.SZ,软件服务
301118.SZ,化工原料
301119.SZ,汽车配件
301120.SZ,电气设备
301121.SZ,电气设备
301122.SZ,医疗保健
301123.SZ,元器件
301125.SZ,机械基件
301126.SZ,医药商业
301127.SZ,环境保护
301128.SZ,专用机械
301129.SZ,电器仪表
301130.SZ,化学制药
301131.SZ,塑料
301132.SZ,元器件
301133.SZ,汽车配件
301135.SZ,元器件
301136.SZ,建筑工程
301137.SZ,机械基件
301138.SZ,专用机械
301139.SZ,通信设备
301141.SZ,矿物制品
301148.SZ,环境保护
301149.SZ,化工原料
301150.SZ,电气设备
301151.SZ,机械基件
301152.SZ,小金属
301153.SZ,软件服务
301155.SZ,电气设备
301156.SZ,饲料
301157.SZ,电气设备
301158.SZ,专用机械
301159.SZ,软件服务
301160.SZ,机械基件
301161.SZ,工程机械
301162.SZ,软件服务
301163.SZ,电气设备
301165.SZ,通信设备
301166.SZ,医药商业
301167.SZ,建筑工程
301168.SZ,电气设备
301169.SZ,文教休闲
301170.SZ,汽车配件
301171.SZ,互联网
301172.SZ,软件服务
301173.SZ,汽车配件
301175.SZ,环境保护
301176.SZ,元器件
301177.SZ,服饰
301178.SZ,软件服务
301179.SZ,软件服务
301180.SZ,元器件
301181.SZ,汽车配件
301182.SZ,元器件
301183.SZ,元器件
301185.SZ,软件服务
301186.SZ,专用机械
301187.SZ,家用电器
301188.SZ,玻璃
301189.SZ,IT设备
301190.SZ,染料涂料
301191.SZ,通信设备
301192.SZ,汽车配件
301193.SZ,家居用品
301195.SZ,软件服务
301196.SZ,专用机械
301197.SZ,软件服务
301198.SZ,塑料
301199.SZ,专用机械
301200.SZ,专用机械
301201.SZ,生物制药
301202.SZ,机械基件
301203.SZ,环境保护
301205.SZ,通信设备
301206.SZ,食品
301207.SZ,生物制药
301208.SZ,软件服务
301209.SZ,染料涂料
301210.SZ,电气设备
301211.SZ,化学制药
301212.SZ,化工原料
301213.SZ,软件服务
301215.SZ,汽车服务
301216.SZ,化工原料
301217.SZ,元器件
301218.SZ,软件服务
301219.SZ,小金属
301220.SZ,化工原料
301221.SZ,软件服务
301222.SZ,电气设备
301223.SZ,广告包装
301225.SZ,汽车配件
301226.SZ,电气设备
301227.SZ,家居用品
301228.SZ,电器仪表
301229.SZ,汽车配件
301230.SZ,生物制药
301231.SZ,出版业
301232.SZ,机械基件
301233.SZ,汽车配件
301234.SZ,医疗保健
301235.SZ,医疗保健
301236.SZ,软件服务
301237.SZ,塑料
301238.SZ,化工原料
301239.SZ,医疗保健
301246.SZ,化学制药
301248.SZ,软件服务
301251.SZ,元器件
301252.SZ,机械基件
301255.SZ,机械基件
301256.SZ,化工原料
301257.SZ,医疗保健
301258.SZ,化学制药
301259.SZ,环境保护
301260.SZ,专用机械
301261.SZ,机械基件
301262.SZ,影视音像
301263.SZ,医药商业
301265.SZ,环境保护
301266.SZ,电气设备
301267.SZ,医疗保健
301268.SZ,机械基件
301269.SZ,半导体
301270.SZ,软件服务
301272.SZ,专用机械
301273.SZ,机械基件
301275.SZ,元器件
301276.SZ,服饰
301277.SZ,化学制药
301278.SZ,电气设备
301279.SZ,工程机械
301280.SZ,元器件
301281.SZ,化学制药
301282.SZ,元器件
301283.SZ,日用化工
301285.SZ,元器件
301286.SZ,化工原料
301287.SZ,文教休闲
301288.SZ,环境保护
301289.SZ,电器仪表
301290.SZ,医疗保健
301291.SZ,电气设备
301292.SZ,化工原料
301293.SZ,医疗保健
301295.SZ,电气设备
301296.SZ,广告包装
301297.SZ,半导体
301298.SZ,汽车配件
301299.SZ,互联网
301300.SZ,化工原料
301301.SZ,化学制药
301302.SZ,软件服务
301303.SZ,电器仪表
301305.SZ,环境保护
301306.SZ,航空
301307.SZ,通信设备
301308.SZ,半导体
301309.SZ,机械基件
301310.SZ,汽车配件
301311.SZ,机械基件
301312.SZ,专用机械
301313.SZ,文教休闲
301314.SZ,元器件
301315.SZ,软件服务
301316.SZ,软件服务
301317.SZ,机械基件
301318.SZ,IT设备
301319.SZ,元器件
301320.SZ,电气设备
301321.SZ,元器件
301322.SZ,摩托车
301323.SZ,橡胶
301325.SZ,专用机械
301326.SZ,元器件
301327.SZ,电气设备
301328.SZ,元器件
301329.SZ,元器件
301330.SZ,IT设备
301331.SZ,中成药
301332.SZ,家用电器
301333.SZ,医疗保健
301335.SZ,文教休闲
301336.SZ,家居用品
301337.SZ,软件服务
301338.SZ,专用机械
301339.SZ,IT设备
301345.SZ,摩托车
301348.SZ,半导体
301349.SZ,化工原料
301353.SZ,专用机械
301355.SZ,广告包装
301356.SZ,家居用品
301357.SZ,专用机械
301358.SZ,电气设备
301359.SZ,元器件
301360.SZ,专用机械
301361.SZ,电气设备
301362.SZ,电气设备
301363.SZ,医疗保健
301365.SZ,建筑工程
301366.SZ,元器件
301367.SZ,医疗保健
301368.SZ,机械基件
301369.SZ,半导体
301370.SZ,医药商业
301371.SZ,日用化工
301372.SZ,环境保护
301373.SZ,化工原料
301376.SZ,家居用品
301377.SZ,机械基件
301378.SZ,软件服务
301379.SZ,元器件
301380.SZ,软件服务
301381.SZ,互联网
301382.SZ,互联网
301383.SZ,元器件
301386.SZ,电气设备
301387.SZ,元器件
301388.SZ,电气设备
301389.SZ,元器件
301390.SZ,建筑工程
301391.SZ,IT设备
301392.SZ,专用机械
301393.SZ,化工原料
301395.SZ,化工原料
301396.SZ,软件服务
301397.SZ,汽车配件
301398.SZ,汽车配件
301399.SZ,机械基件
301408.SZ,医药商业
301413.SZ,电器仪表
301418.SZ,电气设备
301419.SZ,通信设备
301421.SZ,元器件
301428.SZ,互联网
301429.SZ,其他建材
301439.SZ,电气设备
301446.SZ,机械基件
301448.SZ,机械基件
301449.SZ,电器仪表
301456.SZ,电气设备
301458.SZ,元器件
301459.SZ,汽车配件
301468.SZ,专用机械
301469.SZ,造纸
301479.SZ,元器件
301486.SZ,元器件
301487.SZ,化工原料
301488.SZ,汽车配件
301489.SZ,元器件
301491.SZ,IT设备
301498.SZ,饲料
301499.SZ,汽车配件
301500.SZ,环境保护
301501.SZ,造纸
301502.SZ,电气设备
301503.SZ,IT设备
301505.SZ,建筑工程
301507.SZ,化学制药
301508.SZ,电器仪表
301509.SZ,化学制药
301510.SZ,电器仪表
301511.SZ,电气设备
301512.SZ,专用机械
301513.SZ,专用机械
301515.SZ,医疗保健
301516.SZ,电气设备
301517.SZ,元器件
301518.SZ,化工原料
301519.SZ,专用机械
301520.SZ,生物制药
301522.SZ,小金属
301525.SZ,家用电器
301526.SZ,玻璃
301528.SZ,电器仪表
301529.SZ,汽车配件
301531.SZ,矿物制品
301533.SZ,农用机械
301535.SZ,汽车配件
301536.SZ,半导体
301538.SZ,塑料
301539.SZ,汽车配件
301548.SZ,机械基件
301550.SZ,汽车配件
301551.SZ,影视音像
301552.SZ,汽车配件
301555.SZ,化工原料
301556.SZ,软件服务
301557.SZ,电气设备
301558.SZ,互联网
301559.SZ,专用机械
301560.SZ,汽车配件
301563.SZ,元器件
301565.SZ,塑料
301566.SZ,元器件
301567.SZ,元器件
301568.SZ,专用机械
301571.SZ,元器件
301575.SZ,家居用品
301577.SZ,元器件
301578.SZ,IT设备
301580.SZ,医疗保健
301581.SZ,半导体
301584.SZ,医药商业
301585.SZ,染料涂料
301586.SZ,航空
301587.SZ,电气设备
301588.SZ,家居用品
301589.SZ,IT设备
301590.SZ,电气设备
301591.SZ,塑料
301592.SZ,软件服务
301595.SZ,橡胶
301596.SZ,机械基件
301598.SZ,专用机械
301599.SZ,专用机械
301600.SZ,通信设备
301601.SZ,专用机械
301602.SZ,医疗保健
301603.SZ,机床制造
301606.SZ,元器件
301607.SZ,汽车配件
301608.SZ,通信设备
301609.SZ,电气设备
301611.SZ,半导体
301613.SZ,汽车配件
301616.SZ,机械基件
301617.SZ,化工原料
301618.SZ,染料涂料
301622.SZ,矿物制品
301626.SZ,元器件
301628.SZ,元器件
301629.SZ,半导体
301630.SZ,化工原料
301631.SZ,元器件
301632.SZ,建筑工程
301633.SZ,专用机械
301636.SZ,电气设备
301638.SZ,软件服务
301656.SZ,汽车配件
301658.SZ,电气设备
301662.SZ,专用机械
301665.SZ,农药化肥
301666.SZ,IT设备
301667.SZ,汽车配件
301668.SZ,电气设备
301678.SZ,半导体
301680.SZ,汽车配件
301682.SZ,元器件
301683.SZ,染料涂料
301687.SZ,化工原料
301696.SZ,电气设备
302132.SZ,航空
600000.SH,银行
600004.SH,机场
600006.SH,汽车整车
600007.SH,园区开发
600008.SH,水务
600009.SH,机场
600010.SH,普钢
600011.SH,火力发电
600012.SH,路桥
600015.SH,银行
600016.SH,银行
600017.SH,港口
600018.SH,港口
600019.SH,普钢
600020.SH,路桥
600021.SH,火力发电
600022.SH,普钢
600023.SH,火力发电
600025.SH,水力发电
600026.SH,水运
600027.SH,火力发电
600028.SH,石油加工
600029.SH,空运
600030.SH,证券
600031.SH,工程机械
600032.SH,新型电力
600033.SH,路桥
600035.SH,路桥
600036.SH,银行
600037.SH,影视音像
600038.SH,航空
600039.SH,建筑工程
600048.SH,全国地产
600050.SH,电信运营
600051.SH,综合类
600052.SH,供气供热
600053.SH,多元金融
600054.SH,旅游景点
600055.SH,医疗保健
600056.SH,医药商业
600057.SH,仓储物流
600058.SH,商贸代理
600059.SH,红黄酒
600060.SH,家用电器
600061.SH,证券
600062.SH,化学制药
600063.SH,化纤
600064.SH,园区开发
600066.SH,汽车整车
600067.SH,电气设备
600071.SH,元器件
600072.SH,电气设备
600073.SH,食品
600075.SH,化工原料
600076.SH,广告包装
600078.SH,化工原料
600079.SH,化学制药
600080.SH,中成药
600081.SH,汽车配件
600082.SH,园区开发
600084.SH,红黄酒
600085.SH,中成药
600088.SH,影视音像
600089.SH,电气设备
600094.SH,区域地产
600095.SH,证券
600096.SH,农药化肥
600097.SH,渔业
600098.SH,火力发电
600099.SH,汽车整车
600100.SH,IT设备
600101.SH,水力发电
600103.SH,造纸
600104.SH,汽车整车
600105.SH,通信设备
600106.SH,路桥
600107.SH,服饰
600108.SH,种植业
600109.SH,证券
600110.SH,电气设备
600111.SH,小金属
600113.SH,区域地产
600114.SH,机械基件
600115.SH,空运
600116.SH,水力发电
600117.SH,特种钢
600118.SH,航空
600119.SH,仓储物流
600120.SH,多元金融
600121.SH,煤炭开采
600123.SH,煤炭开采
600125.SH,铁路
600126.SH,普钢
600127.SH,农业综合
600128.SH,商贸代理
600129.SH,中成药
600130.SH,元器件
600131.SH,通信设备
600132.SH,啤酒
600133.SH,环境保护
600135.SH,塑料
600136.SH,房产服务
600137.SH,服饰
600138.SH,旅游景点
600141.SH,农药化肥
600143.SH,塑料
600148.SH,汽车配件
600149.SH,综合类
600150.SH,船舶
600151.SH,汽车配件
600152.SH,电气设备
600153.SH,仓储物流
600155.SH,证券
600156.SH,纺织
600157.SH,火力发电
600158.SH,文教休闲
600159.SH,区域地产
600160.SH,化工原料
600161.SH,生物制药
600162.SH,全国地产
600163.SH,新型电力
600165.SH,化工原料
600166.SH,汽车整车
600167.SH,供气供热
600168.SH,水务
600169.SH,工程机械
600170.SH,建筑工程
600171.SH,半导体
600172.SH,矿物制品
600173.SH,全国地产
600176.SH,玻璃
600177.SH,服饰
600178.SH,汽车配件
600179.SH,水运
600180.SH,仓储物流
600182.SH,汽车配件
600183.SH,元器件
600184.SH,专用机械
600185.SH,旅游服务
600186.SH,食品
600187.SH,水务
600188.SH,煤炭开采
600189.SH,软饮料
600191.SH,食品
600192.SH,电气设备
600193.SH,装修装饰
600195.SH,农业综合
600196.SH,化学制药
600197.SH,白酒
600198.SH,通信设备
600199.SH,白酒
600201.SH,农业综合
600202.SH,专用机械
600203.SH,元器件
600206.SH,半导体
600207.SH,电气设备
600208.SH,全国地产
600210.SH,广告包装
600211.SH,生物制药
600212.SH,电气设备
600215.SH,专用机械
600216.SH,化学制药
600217.SH,环境保护
600218.SH,汽车配件
600219.SH,铝
600221.SH,空运
600222.SH,中成药
600223.SH,日用化工
600226.SH,供气供热
600227.SH,农药化肥
600228.SH,互联网
600229.SH,出版业
600230.SH,化工原料
600231.SH,普钢
600232.SH,纺织机械
600233.SH,仓储物流
600234.SH,装修装饰
600235.SH,造纸
600236.SH,水力发电
600237.SH,元器件
600238.SH,红黄酒
600239.SH,区域地产
600241.SH,电气设备
600243.SH,运输设备
600246.SH,区域地产
600248.SH,建筑工程
600249.SH,日用化工
600250.SH,商贸代理
600251.SH,农业综合
600252.SH,中成药
600255.SH,小金属
600256.SH,石油开采
600257.SH,渔业
600258.SH,酒店餐饮
600259.SH,小金属
600261.SH,家用电器
600262.SH,专用机械
600265.SH,林业
600266.SH,区域地产
600267.SH,化学制药
600268.SH,电气设备
600269.SH,路桥
600271.SH,软件服务
600272.SH,医药商业
600273.SH,化工原料
600276.SH,化学制药
600278.SH,商贸代理
600279.SH,港口
600280.SH,百货
600281.SH,小金属
600282.SH,普钢
600283.SH,水务
600284.SH,建筑工程
600285.SH,中成药
600287.SH,商贸代理
600288.SH,元器件
600289.SH,软件服务
600292.SH,水力发电
600293.SH,玻璃
600295.SH,特种钢
600298.SH,食品
600299.SH,饲料
600300.SH,软饮料
600301.SH,小金属
600302.SH,纺织机械
600303.SH,汽车整车
600305.SH,食品
600307.SH,普钢
600308.SH,造纸
600309.SH,化工原料
600310.SH,水力发电
600312.SH,电气设备
600313.SH,种植业
600315.SH,日用化工
600316.SH,航空
600318.SH,多元金融
600319.SH,化工原料
600320.SH,专用机械
600322.SH,区域地产
600323.SH,环境保护
600325.SH,区域地产
600326.SH,水泥
600327.SH,医疗保健
600328.SH,化工原料
600329.SH,中成药
600330.SH,专用机械
600331.SH,农药化肥
600332.SH,中成药
600333.SH,供气供热
600335.SH,汽车服务
600336.SH,家用电器
600337.SH,家居用品
600338.SH,铅锌
600339.SH,石油开采
600340.SH,园区开发
600343.SH,机械基件
600345.SH,通信设备
600346.SH,石油加工
600348.SH,煤炭开采
600350.SH,路桥
600351.SH,中成药
600352.SH,染料涂料
600353.SH,元器件
600354.SH,种植业
600356.SH,造纸
600358.SH,广告包装
600359.SH,种植业
600360.SH,半导体
600361.SH,铝
600362.SH,铜
600363.SH,元器件
600365.SH,互联网
600366.SH,矿物制品
600367.SH,化工原料
600368.SH,路桥
600369.SH,证券
600370.SH,化工原料
600371.SH,种植业
600372.SH,航空
600373.SH,出版业
600375.SH,汽车整车
600376.SH,区域地产
600377.SH,路桥
600378.SH,化工原料
600379.SH,电气设备
600380.SH,化学制药
600381.SH,医疗保健
600382.SH,普钢
600383.SH,全国地产
600386.SH,汽车服务
600388.SH,环境保护
600389.SH,农药化肥
600390.SH,多元金融
600391.SH,航空
600392.SH,小金属
600395.SH,煤炭开采
600396.SH,火力发电
600397.SH,专用机械
600398.SH,服饰
600399.SH,特种钢
600400.SH,服饰
600403.SH,煤炭开采
600405.SH,电气设备
600406.SH,电气设备
600408.SH,焦炭加工
600409.SH,化纤
600410.SH,软件服务
600415.SH,商品城
600416.SH,电气设备
600418.SH,汽车整车
600419.SH,乳制品
600420.SH,化学制药
600421.SH,专用机械
600422.SH,中成药
600423.SH,农药化肥
600425.SH,水泥
600426.SH,农药化肥
600428.SH,水运
600429.SH,乳制品
600433.SH,造纸
600435.SH,专用机械
600436.SH,中成药
600438.SH,电气设备
600439.SH,服饰
600444.SH,专用机械
600446.SH,软件服务
600448.SH,纺织
600449.SH,水泥
600452.SH,水力发电
600455.SH,文教休闲
600456.SH,小金属
600458.SH,塑料
600459.SH,小金属
600460.SH,半导体
600461.SH,水务
600463.SH,园区开发
600467.SH,渔业
600468.SH,电气设备
600469.SH,汽车配件
600470.SH,农药化肥
600475.SH,电气设备
600476.SH,软件服务
600477.SH,钢加工
600478.SH,电气设备
600479.SH,中成药
600480.SH,汽车配件
600481.SH,电气设备
600482.SH,船舶
600483.SH,新型电力
600486.SH,农药化肥
600487.SH,通信设备
600488.SH,化学制药
600489.SH,黄金
600490.SH,铜
600491.SH,建筑工程
600493.SH,纺织
600495.SH,运输设备
600496.SH,钢加工
600497.SH,铅锌
600498.SH,通信设备
600499.SH,专用机械
600500.SH,塑料
600501.SH,专用机械
600502.SH,建筑工程
600503.SH,区域地产
600505.SH,水力发电
600506.SH,石油加工
600507.SH,特种钢
600508.SH,煤炭开采
600509.SH,火力发电
600510.SH,全国地产
600511.SH,医药商业
600512.SH,建筑工程
600513.SH,化学制药
600515.SH,机场
600516.SH,矿物制品
600517.SH,多元金融
600518.SH,中成药
600519.SH,白酒
600520.SH,半导体
600521.SH,化学制药
600522.SH,通信设备
600523.SH,汽车配件
600525.SH,电气设备
600526.SH,环境保护
600527.SH,化纤
600528.SH,运输设备
600529.SH,医疗保健
600530.SH,医疗保健
600531.SH,铅锌
600533.SH,区域地产
600535.SH,中成药
600536.SH,软件服务
600537.SH,电气设备
600538.SH,医药商业
600539.SH,互联网
600540.SH,种植业
600543.SH,红黄酒
600545.SH,纺织机械
600546.SH,煤炭开采
600547.SH,黄金
600548.SH,路桥
600549.SH,小金属
600550.SH,电气设备
600551.SH,出版业
600552.SH,元器件
600556.SH,互联网
600557.SH,中成药
600558.SH,钢加工
600559.SH,白酒
600560.SH,电气设备
600561.SH,公共交通
600562.SH,通信设备
600563.SH,元器件
600566.SH,中成药
600567.SH,造纸
600568.SH,医疗保健
600569.SH,普钢
600570.SH,软件服务
600571.SH,软件服务
600572.SH,中成药
600573.SH,啤酒
600575.SH,火力发电
600576.SH,旅游景点
600577.SH,电气设备
600578.SH,火力发电
600579.SH,化工机械
600580.SH,电气设备
600581.SH,普钢
600582.SH,专用机械
600583.SH,石油开采
600584.SH,半导体
600585.SH,水泥
600586.SH,玻璃
600587.SH,医疗保健
600588.SH,软件服务
600589.SH,软件服务
600590.SH,通信设备
600592.SH,机械基件
600593.SH,旅游景点
600594.SH,中成药
600595.SH,铝
600596.SH,化工原料
600597.SH,乳制品
600598.SH,种植业
600599.SH,化工原料
600600.SH,啤酒
600601.SH,元器件
600602.SH,软件服务
600603.SH,区域地产
600604.SH,园区开发
600605.SH,房产服务
600606.SH,全国地产
600608.SH,商贸代理
600609.SH,汽车配件
600610.SH,化工原料
600611.SH,公共交通
600612.SH,服饰
600613.SH,中成药
600615.SH,铝
600616.SH,红黄酒
600617.SH,供气供热
600618.SH,化工原料
600619.SH,家用电器
600620.SH,综合类
600621.SH,证券
600622.SH,区域地产
600623.SH,化工原料
600624.SH,化学制药
600626.SH,汽车配件
600628.SH,百货
600629.SH,建筑工程
600630.SH,服饰
600633.SH,互联网
600635.SH,供气供热
600636.SH,文教休闲
600637.SH,影视音像
600638.SH,区域地产
600639.SH,园区开发
600640.SH,影视音像
600641.SH,半导体
600642.SH,火力发电
600643.SH,多元金融
600644.SH,水力发电
600645.SH,医疗保健
600648.SH,园区开发
600649.SH,区域地产
600650.SH,公共交通
600651.SH,电器仪表
600653.SH,汽车服务
600654.SH,仓储物流
600655.SH,百货
600657.SH,全国地产
600658.SH,园区开发
600660.SH,汽车配件
600661.SH,文教休闲
600662.SH,文教休闲
600663.SH,园区开发
600664.SH,化学制药
600665.SH,全国地产
600666.SH,元器件
600667.SH,半导体
600668.SH,水泥
600671.SH,中成药
600673.SH,综合类
600674.SH,水力发电
600675.SH,区域地产
600676.SH,汽车配件
600678.SH,水泥
600679.SH,文教休闲
600681.SH,供气供热
600682.SH,生物制药
600683.SH,区域地产
600684.SH,区域地产
600685.SH,船舶
600686.SH,汽车整车
600688.SH,石油加工
600689.SH,综合类
600690.SH,家用电器
600691.SH,农药化肥
600692.SH,区域地产
600693.SH,百货
600694.SH,百货
600696.SH,白酒
600697.SH,百货
600698.SH,汽车配件
600699.SH,汽车配件
600702.SH,白酒
600703.SH,半导体
600704.SH,仓储物流
600706.SH,旅游景点
600707.SH,元器件
600708.SH,全国地产
600710.SH,商贸代理
600711.SH,小金属
600712.SH,百货
600713.SH,医药商业
600714.SH,化工原料
600715.SH,影视音像
600716.SH,区域地产
600717.SH,港口
600718.SH,软件服务
600719.SH,供气供热
600720.SH,建筑工程
600721.SH,生物制药
600722.SH,化工原料
600724.SH,综合类
600725.SH,商贸代理
600726.SH,火力发电
600727.SH,化工原料
600728.SH,软件服务
600729.SH,百货
600730.SH,文教休闲
600731.SH,农药化肥
600732.SH,电气设备
600733.SH,汽车整车
600734.SH,软件服务
600735.SH,服饰
600736.SH,园区开发
600737.SH,食品
600738.SH,百货
600739.SH,生物制药
600740.SH,焦炭加工
600741.SH,汽车配件
600742.SH,汽车配件
600743.SH,区域地产
600744.SH,火力发电
600745.SH,半导体
600746.SH,化工原料
600748.SH,全国地产
600749.SH,旅游景点
600750.SH,中成药
600751.SH,水运
600753.SH,商贸代理
600754.SH,酒店餐饮
600755.SH,仓储物流
600756.SH,软件服务
600757.SH,出版业
600758.SH,煤炭开采
600759.SH,石油开采
600760.SH,航空
600761.SH,工程机械
600763.SH,医疗保健
600764.SH,船舶
600765.SH,航空
600768.SH,铝
600769.SH,水务
600770.SH,综合类
600771.SH,中成药
600773.SH,区域地产
600774.SH,化学制药
600775.SH,通信设备
600776.SH,通信设备
600777.SH,石油开采
600778.SH,百货
600779.SH,白酒
600780.SH,火力发电
600782.SH,普钢
600783.SH,专用机械
600784.SH,综合类
600785.SH,百货
600787.SH,仓储物流
600789.SH,化学制药
600790.SH,商品城
600791.SH,全国地产
600792.SH,焦炭加工
600793.SH,造纸
600794.SH,仓储物流
600795.SH,火力发电
600796.SH,环境保护
600797.SH,软件服务
600798.SH,水运
600800.SH,化工原料
600801.SH,水泥
600802.SH,水泥
600803.SH,供气供热
600805.SH,综合类
600807.SH,医疗保健
600808.SH,普钢
600809.SH,白酒
600810.SH,化纤
600812.SH,化学制药
600814.SH,百货
600815.SH,工程机械
600816.SH,多元金融
600817.SH,专用机械
600818.SH,文教休闲
600819.SH,玻璃
600820.SH,建筑工程
600821.SH,新型电力
600822.SH,汽车服务
600824.SH,百货
600825.SH,出版业
600826.SH,文教休闲
600827.SH,超市连锁
600828.SH,百货
600829.SH,医药商业
600830.SH,多元金融
600831.SH,影视音像
600833.SH,医药商业
600834.SH,公共交通
600835.SH,运输设备
600838.SH,百货
600839.SH,家用电器
600841.SH,汽车配件
600843.SH,纺织机械
600844.SH,化工原料
600845.SH,软件服务
600846.SH,建筑工程
600847.SH,电气设备
600848.SH,园区开发
600850.SH,软件服务
600851.SH,化学制药
600853.SH,建筑工程
600854.SH,家用电器
600855.SH,专用机械
600857.SH,百货
600858.SH,百货
600859.SH,百货
600860.SH,专用机械
600861.SH,文教休闲
600862.SH,航空
600863.SH,火力发电
600864.SH,证券
600865.SH,百货
600866.SH,饲料
600867.SH,生物制药
600868.SH,水力发电
600869.SH,电气设备
600871.SH,石油开采
600872.SH,食品
600873.SH,食品
600874.SH,环境保护
600875.SH,电气设备
600876.SH,玻璃
600877.SH,半导体
600879.SH,航空
600880.SH,广告包装
600881.SH,综合类
600882.SH,乳制品
600883.SH,种植业
600884.SH,电气设备
600885.SH,电气设备
600886.SH,水力发电
600887.SH,乳制品
600888.SH,铝
600889.SH,机械基件
600892.SH,互联网
600893.SH,航空
600894.SH,运输设备
600895.SH,园区开发
600897.SH,机场
600900.SH,水力发电
600901.SH,多元金融
600903.SH,供气供热
600905.SH,新型电力
600906.SH,证券
600908.SH,银行
600909.SH,证券
600916.SH,服饰
600917.SH,供气供热
600918.SH,证券
600919.SH,银行
600925.SH,煤炭开采
600926.SH,银行
600927.SH,多元金融
600928.SH,银行
600929.SH,食品
600930.SH,新型电力
600933.SH,汽车配件
600935.SH,化工原料
600936.SH,软件服务
600938.SH,石油开采
600939.SH,建筑工程
600941.SH,电信运营
600955.SH,化工原料
600956.SH,供气供热
600958.SH,证券
600959.SH,影视音像
600960.SH,汽车配件
600961.SH,铅锌
600962.SH,软饮料
600963.SH,造纸
600965.SH,农业综合
600966.SH,造纸
600967.SH,运输设备
600968.SH,石油开采
600969.SH,水力发电
600970.SH,建筑工程
600971.SH,煤炭开采
600973.SH,电气设备
600975.SH,农业综合
600976.SH,中成药
600977.SH,影视音像
600979.SH,水力发电
600980.SH,专用机械
600981.SH,商贸代理
600982.SH,供气供热
600983.SH,家用电器
600984.SH,工程机械
600985.SH,煤炭开采
600986.SH,互联网
600987.SH,纺织
600988.SH,黄金
600989.SH,化工原料
600990.SH,通信设备
600992.SH,钢加工
600993.SH,中成药
600995.SH,水力发电
600996.SH,影视音像
600997.SH,焦炭加工
600998.SH,医药商业
600999.SH,证券
601000.SH,港口
601001.SH,煤炭开采
601002.SH,机械基件
601003.SH,普钢
601005.SH,普钢
601006.SH,铁路
601007.SH,酒店餐饮
601008.SH,港口
601009.SH,银行
601010.SH,百货
601011.SH,焦炭加工
601012.SH,电气设备
601015.SH,焦炭加工
601016.SH,新型电力
601018.SH,港口
601019.SH,出版业
601020.SH,铅锌
601021.SH,空运
601022.SH,水运
601026.SH,电气设备
601033.SH,环境保护
601038.SH,农用机械
601058.SH,汽车配件
601059.SH,证券
601061.SH,商贸代理
601065.SH,化工原料
601066.SH,证券
601068.SH,建筑工程
601069.SH,黄金
601077.SH,银行
601083.SH,水运
601086.SH,百货
601088.SH,煤炭开采
601089.SH,化学制药
601096.SH,钢加工
601098.SH,出版业
601099.SH,证券
601100.SH,工程机械
601101.SH,煤炭开采
601106.SH,工程机械
601107.SH,路桥
601108.SH,证券
601111.SH,空运
601112.SH,玻璃
601113.SH,化纤
601116.SH,超市连锁
601117.SH,建筑工程
601118.SH,橡胶
601121.SH,普钢
601126.SH,电气设备
601127.SH,汽车整车
601128.SH,银行
601133.SH,建筑工程
601136.SH,证券
601137.SH,小金属
601138.SH,通信设备
601139.SH,供气供热
601155.SH,区域地产
601156.SH,仓储物流
601158.SH,水务
601162.SH,证券
601163.SH,汽车配件
601166.SH,银行
601168.SH,铜
601169.SH,银行
601177.SH,机械基件
601179.SH,电气设备
601186.SH,建筑工程
601187.SH,银行
601188.SH,路桥
601198.SH,证券
601199.SH,水务
601200.SH,环境保护
601208.SH,化工原料
601211.SH,证券
601212.SH,铜
601216.SH,化工原料
601218.SH,电气设备
601222.SH,新型电力
601225.SH,煤炭开采
601226.SH,建筑工程
601228.SH,港口
601229.SH,银行
601231.SH,元器件
601233.SH,化纤
601236.SH,证券
601238.SH,汽车整车
601279.SH,汽车配件
601288.SH,银行
601298.SH,港口
601311.SH,电气设备
601318.SH,保险
601319.SH,保险
601326.SH,港口
601328.SH,银行
601330.SH,环境保护
601333.SH,铁路
601336.SH,保险
601339.SH,纺织
601360.SH,互联网
601366.SH,百货
601368.SH,水务
601369.SH,机械基件
601375.SH,证券
601377.SH,证券
601388.SH,铝
601390.SH,建筑工程
601398.SH,银行
601399.SH,工程机械
601456.SH,证券
601500.SH,汽车配件
601512.SH,园区开发
601515.SH,广告包装
601518.SH,路桥
601519.SH,软件服务
601528.SH,银行
601555.SH,证券
601566.SH,服饰
601567.SH,电气设备
601568.SH,化工原料
601577.SH,银行
601579.SH,红黄酒
601588.SH,区域地产
601595.SH,影视音像
601598.SH,仓储物流
601599.SH,纺织
601600.SH,铝
601601.SH,保险
601606.SH,专用机械
601607.SH,医药商业
601608.SH,专用机械
601609.SH,铜
601611.SH,建筑工程
601615.SH,电气设备
601616.SH,电气设备
601618.SH,建筑工程
601619.SH,新型电力
601628.SH,保险
601633.SH,汽车整车
601636.SH,玻璃
601658.SH,银行
601665.SH,银行
601666.SH,煤炭开采
601668.SH,建筑工程
601669.SH,建筑工程
601677.SH,铝
601678.SH,化工原料
601686.SH,钢加工
601688.SH,证券
601689.SH,汽车配件
601696.SH,证券
601698.SH,电信运营
601699.SH,煤炭开采
601700.SH,电气设备
601702.SH,铝
601717.SH,专用机械
601718.SH,服饰
601727.SH,电气设备
601728.SH,电信运营
601766.SH,运输设备
601777.SH,摩托车
601778.SH,新型电力
601788.SH,证券
601789.SH,建筑工程
601798.SH,化工机械
601799.SH,汽车配件
601800.SH,建筑工程
601801.SH,出版业
601808.SH,石油开采
601811.SH,出版业
601816.SH,铁路
601818.SH,银行
601825.SH,银行
601827.SH,环境保护
601828.SH,其他商业
601838.SH,银行
601857.SH,石油开采
601858.SH,出版业
601860.SH,银行
601865.SH,玻璃
601866.SH,水运
601868.SH,建筑工程
601869.SH,通信设备
601872.SH,水运
601877.SH,电气设备
601878.SH,证券
601880.SH,港口
601881.SH,证券
601882.SH,机床制造
601886.SH,装修装饰
601888.SH,旅游服务
601890.SH,船舶
601898.SH,煤炭开采
601899.SH,铜
601900.SH,出版业
601901.SH,证券
601908.SH,电气设备
601916.SH,银行
601918.SH,煤炭开采
601919.SH,水运
601921.SH,出版业
601928.SH,出版业
601929.SH,影视音像
601933.SH,超市连锁
601939.SH,银行
601949.SH,出版业
601952.SH,种植业
601956.SH,家用电器
601958.SH,小金属
601963.SH,银行
601965.SH,汽车服务
601966.SH,汽车配件
601968.SH,广告包装
601969.SH,普钢
601975.SH,水运
601985.SH,新型电力
601988.SH,银行
601990.SH,证券
601991.SH,火力发电
601992.SH,水泥
601995.SH,证券
601996.SH,家居用品
601997.SH,银行
601998.SH,银行
601999.SH,出版业
603000.SH,互联网
603001.SH,服饰
603002.SH,化工原料
603004.SH,化工原料
603005.SH,半导体
603006.SH,汽车配件
603007.SH,建筑工程
603008.SH,家居用品
603009.SH,汽车配件
603010.SH,化工原料
603011.SH,专用机械
603012.SH,专用机械
603013.SH,汽车配件
603014.SH,医疗保健
603015.SH,电气设备
603016.SH,电气设备
603017.SH,建筑工程
603018.SH,建筑工程
603019.SH,IT设备
603020.SH,食品
603021.SH,家居用品
603022.SH,广告包装
603023.SH,汽车配件
603025.SH,纺织机械
603026.SH,化工原料
603027.SH,食品
603028.SH,钢加工
603029.SH,农用机械
603030.SH,装修装饰
603031.SH,电气设备
603032.SH,专用机械
603033.SH,橡胶
603035.SH,汽车配件
603036.SH,专用机械
603037.SH,汽车配件
603038.SH,家居用品
603039.SH,软件服务
603040.SH,汽车配件
603041.SH,化工原料
603042.SH,通信设备
603043.SH,食品
603045.SH,小金属
603048.SH,汽车配件
603049.SH,汽车配件
603050.SH,电气设备
603051.SH,塑料
603052.SH,元器件
603053.SH,供气供热
603055.SH,纺织
603057.SH,食品
603058.SH,广告包装
603059.SH,日用化工
603060.SH,建筑工程
603061.SH,半导体
603062.SH,染料涂料
603063.SH,电气设备
603065.SH,化工原料
603066.SH,仓储物流
603067.SH,化工原料
603068.SH,半导体
603069.SH,公共交通
603070.SH,电气设备
603071.SH,批发业
603072.SH,矿物制品
603073.SH,纺织
603075.SH,家用电器
603076.SH,专用机械
603077.SH,化工原料
603078.SH,半导体
603079.SH,食品
603080.SH,供气供热
603081.SH,专用机械
603082.SH,运输设备
603083.SH,通信设备
603085.SH,汽车配件
603086.SH,农药化肥
603087.SH,生物制药
603088.SH,机床制造
603089.SH,汽车配件
603090.SH,专用机械
603091.SH,家居用品
603092.SH,机械基件
603093.SH,多元金融
603095.SH,纺织机械
603096.SH,出版业
603097.SH,电气设备
603098.SH,装修装饰
603099.SH,旅游景点
603100.SH,电器仪表
603101.SH,百货
603102.SH,医疗保健
603103.SH,影视音像
603105.SH,电气设备
603106.SH,IT设备
603107.SH,汽车配件
603108.SH,医药商业
603109.SH,电气设备
603110.SH,染料涂料
603111.SH,运输设备
603112.SH,机械基件
603113.SH,化工原料
603115.SH,铝
603116.SH,服饰
603117.SH,仓储物流
603118.SH,通信设备
603119.SH,汽车配件
603120.SH,化工原料
603121.SH,汽车配件
603122.SH,医药商业
603123.SH,多元金融
603124.SH,铜
603125.SH,化工原料
603126.SH,环境保护
603127.SH,医疗保健
603128.SH,仓储物流
603129.SH,摩托车
603130.SH,纺织
603131.SH,专用机械
603132.SH,铅锌
603135.SH,专用机械
603136.SH,旅游景点
603137.SH,装修装饰
603138.SH,软件服务
603139.SH,中成药
603150.SH,塑料
603151.SH,饲料
603153.SH,建筑工程
603155.SH,化工原料
603156.SH,软饮料
603158.SH,汽车配件
603159.SH,专用机械
603160.SH,半导体
603161.SH,汽车配件
603162.SH,水运
603163.SH,建筑工程
603165.SH,造纸
603166.SH,汽车配件
603167.SH,水运
603168.SH,化学制药
603169.SH,专用机械
603170.SH,食品
603171.SH,软件服务
603172.SH,染料涂料
603173.SH,机械基件
603175.SH,元器件
603176.SH,建筑工程
603177.SH,环境保护
603178.SH,汽车配件
603179.SH,汽车配件
603180.SH,家居用品
603181.SH,化工原料
603182.SH,食品
603183.SH,建筑工程
603185.SH,电气设备
603186.SH,元器件
603187.SH,机械基件
603188.SH,染料涂料
603189.SH,软件服务
603190.SH,汽车配件
603191.SH,电气设备
603192.SH,化工原料
603193.SH,日用化工
603194.SH,工程机械
603195.SH,家用电器
603196.SH,服饰
603197.SH,汽车配件
603198.SH,白酒
603199.SH,旅游景点
603200.SH,环境保护
603201.SH,汽车配件
603202.SH,汽车配件
603203.SH,专用机械
603205.SH,医疗保健
603206.SH,通信设备
603207.SH,化学制药
603208.SH,家居用品
603209.SH,水运
603210.SH,汽车配件
603211.SH,汽车配件
603212.SH,塑料
603213.SH,化工原料
603214.SH,百货
603215.SH,家用电器
603216.SH,家居用品
603217.SH,化工原料
603218.SH,电气设备
603219.SH,家用电器
603220.SH,通信设备
603221.SH,家居用品
603222.SH,医疗保健
603223.SH,公路
603225.SH,化纤
603226.SH,家居用品
603227.SH,化工原料
603228.SH,元器件
603229.SH,化学制药
603230.SH,出版业
603231.SH,食品
603232.SH,软件服务
603233.SH,医药商业
603235.SH,化学制药
603236.SH,通信设备
603237.SH,食品
603238.SH,纺织
603239.SH,汽车配件
603248.SH,机械基件
603255.SH,化工原料
603256.SH,玻璃
603257.SH,建筑工程
603258.SH,互联网
603259.SH,化学制药
603260.SH,化工原料
603261.SH,航空
603262.SH,食品
603266.SH,汽车配件
603267.SH,元器件
603268.SH,船舶
603269.SH,机械基件
603270.SH,机械基件
603271.SH,铝
603272.SH,家居用品
603273.SH,专用机械
603275.SH,电器仪表
603276.SH,化工原料
603277.SH,专用机械
603278.SH,钢加工
603279.SH,环境保护
603280.SH,工程机械
603281.SH,化工原料
603282.SH,专用机械
603283.SH,专用机械
603284.SH,造纸
603285.SH,化工原料
603286.SH,汽车配件
603288.SH,食品
603289.SH,专用机械
603290.SH,半导体
603291.SH,水务
603293.SH,汽车配件
603296.SH,元器件
603297.SH,元器件
603298.SH,工程机械
603299.SH,食品
603300.SH,多元金融
603301.SH,医疗保健
603303.SH,家用电器
603305.SH,汽车配件
603306.SH,汽车配件
603307.SH,文教休闲
603308.SH,机械基件
603309.SH,医疗保健
603310.SH,化工原料
603311.SH,家用电器
603312.SH,电气设备
603313.SH,家居用品
603315.SH,环境保护
603316.SH,建筑工程
603317.SH,食品
603318.SH,供气供热
603319.SH,汽车配件
603320.SH,电气设备
603321.SH,运输设备
603322.SH,通信设备
603323.SH,银行
603324.SH,环境保护
603325.SH,化工机械
603326.SH,家居用品
603327.SH,元器件
603328.SH,元器件
603329.SH,仓储物流
603330.SH,塑料
603331.SH,专用机械
603332.SH,化纤
603333.SH,电气设备
603334.SH,化工原料
603335.SH,汽车配件
603336.SH,农业综合
603337.SH,纺织机械
603338.SH,工程机械
603339.SH,专用机械
603341.SH,通信设备
603344.SH,电气设备
603345.SH,食品
603348.SH,汽车配件
603350.SH,电气设备
603351.SH,化学制药
603352.SH,汽车配件
603353.SH,石油贸易
603355.SH,家用电器
603356.SH,运输设备
603357.SH,建筑工程
603358.SH,汽车配件
603359.SH,建筑工程
603360.SH,农药化肥
603363.SH,饲料
603365.SH,纺织
603366.SH,家用电器
603367.SH,化学制药
603368.SH,医药商业
603369.SH,白酒
603370.SH,电气设备
603373.SH,仓储物流
603375.SH,半导体
603376.SH,汽车配件
603377.SH,汽车服务
603378.SH,染料涂料
603379.SH,化工原料
603380.SH,元器件
603381.SH,电气设备
603382.SH,化纤
603383.SH,软件服务
603385.SH,家居用品
603386.SH,元器件
603387.SH,医疗保健
603389.SH,家居用品
603390.SH,汽车配件
603391.SH,专用机械
603392.SH,生物制药
603393.SH,供气供热
603395.SH,农药化肥
603396.SH,专用机械
603398.SH,电气设备
603399.SH,小金属
603400.SH,机械基件
603402.SH,旅游景点
603406.SH,化纤
603407.SH,化工原料
603408.SH,家居用品
603409.SH,汽车配件
603416.SH,电器仪表
603418.SH,汽车配件
603421.SH,通信设备
603429.SH,广告包装
603435.SH,元器件
603439.SH,中成药
603444.SH,互联网
603456.SH,医疗保健
603458.SH,建筑工程
603459.SH,元器件
603466.SH,文教休闲
603477.SH,农业综合
603486.SH,家用电器
603488.SH,运输设备
603489.SH,电气设备
603496.SH,IT设备
603499.SH,广告包装
603500.SH,运输设备
603501.SH,半导体
603505.SH,化工原料
603506.SH,房产服务
603507.SH,电气设备
603508.SH,IT设备
603511.SH,服饰
603515.SH,家用电器
603516.SH,IT设备
603517.SH,食品
603518.SH,服饰
603519.SH,家用电器
603520.SH,化学制药
603527.SH,铜
603528.SH,软件服务
603529.SH,摩托车
603530.SH,电气设备
603533.SH,互联网
603535.SH,仓储物流
603536.SH,食品
603538.SH,化学制药
603551.SH,家居用品
603556.SH,电器仪表
603557.SH,服饰
603558.SH,纺织
603559.SH,通信设备
603565.SH,水运
603566.SH,农业综合
603567.SH,中成药
603568.SH,环境保护
603569.SH,公路
603577.SH,电气设备
603578.SH,家用电器
603579.SH,家用电器
603580.SH,塑料
603583.SH,电气设备
603585.SH,农药化肥
603586.SH,汽车配件
603587.SH,服饰
603588.SH,环境保护
603589.SH,白酒
603590.SH,生物制药
603595.SH,元器件
603596.SH,汽车配件
603598.SH,互联网
603599.SH,农药化肥
603600.SH,家居用品
603601.SH,玻璃
603602.SH,通信设备
603605.SH,日用化工
603606.SH,电气设备
603607.SH,造纸
603608.SH,服饰
603609.SH,饲料
603610.SH,家居用品
603611.SH,专用机械
603612.SH,矿物制品
603613.SH,互联网
603615.SH,家居用品
603616.SH,水泥
603617.SH,机械基件
603618.SH,电气设备
603619.SH,石油开采
603626.SH,元器件
603628.SH,电气设备
603629.SH,元器件
603630.SH,日用化工
603633.SH,汽车配件
603636.SH,软件服务
603637.SH,建筑工程
603638.SH,专用机械
603639.SH,农药化肥
603648.SH,仓储物流
603650.SH,化工原料
603655.SH,汽车配件
603656.SH,专用机械
603657.SH,家用电器
603658.SH,医疗保健
603659.SH,化工原料
603660.SH,IT设备
603661.SH,家居用品
603662.SH,电器仪表
603663.SH,小金属
603665.SH,服饰
603666.SH,专用机械
603667.SH,机械基件
603668.SH,饲料
603669.SH,化学制药
603676.SH,化学制药
603677.SH,家用电器
603678.SH,元器件
603679.SH,电气设备
603680.SH,运输设备
603681.SH,化工原料
603682.SH,房产服务
603683.SH,化工原料
603685.SH,电气设备
603686.SH,环境保护
603687.SH,广告包装
603688.SH,矿物制品
603689.SH,供气供热
603690.SH,半导体
603693.SH,新型电力
603696.SH,食品
603697.SH,食品
603698.SH,专用机械
603699.SH,机械基件
603700.SH,电器仪表
603701.SH,汽车配件
603703.SH,元器件
603706.SH,供气供热
603707.SH,生物制药
603708.SH,超市连锁
603709.SH,家居用品
603711.SH,软饮料
603712.SH,通信设备
603713.SH,仓储物流
603716.SH,医药商业
603717.SH,农业综合
603718.SH,农业综合
603719.SH,食品
603721.SH,影视音像
603722.SH,化工原料
603725.SH,塑料
603726.SH,家用电器
603727.SH,石油开采
603728.SH,电气设备
603729.SH,广告包装
603730.SH,汽车配件
603733.SH,造纸
603737.SH,染料涂料
603738.SH,元器件
603739.SH,农业综合
603755.SH,食品
603757.SH,机械基件
603758.SH,汽车配件
603759.SH,水务
603766.SH,摩托车
603767.SH,汽车配件
603768.SH,汽车配件
603773.SH,元器件
603776.SH,公共交通
603777.SH,食品
603778.SH,电气设备
603779.SH,红黄酒
603786.SH,汽车配件
603787.SH,摩托车
603788.SH,汽车配件
603789.SH,农用机械
603790.SH,染料涂料
603797.SH,环境保护
603798.SH,石油加工
603799.SH,小金属
603800.SH,专用机械
603801.SH,家居用品
603803.SH,通信设备
603806.SH,塑料
603808.SH,服饰
603809.SH,汽车配件
603810.SH,农药化肥
603811.SH,化学制药
603813.SH,公路
603815.SH,建筑工程
603816.SH,家居用品
603817.SH,环境保护
603818.SH,家居用品
603819.SH,电气设备
603822.SH,化工原料
603823.SH,染料涂料
603825.SH,互联网
603826.SH,染料涂料
603828.SH,装修装饰
603829.SH,电气设备
603833.SH,家居用品
603836.SH,仓储物流
603838.SH,家居用品
603839.SH,服饰
603843.SH,建筑工程
603848.SH,家居用品
603855.SH,专用机械
603856.SH,塑料
603858.SH,中成药
603859.SH,软件服务
603860.SH,建筑工程
603861.SH,电气设备
603863.SH,造纸
603866.SH,食品
603867.SH,化工原料
603868.SH,家用电器
603869.SH,软件服务
603871.SH,仓储物流
603876.SH,铝
603877.SH,服饰
603878.SH,钢加工
603879.SH,化工原料
603880.SH,医疗保健
603881.SH,软件服务
603882.SH,医疗保健
603883.SH,医药商业
603885.SH,空运
603886.SH,食品
603887.SH,软件服务
603888.SH,互联网
603889.SH,纺织
603890.SH,元器件
603893.SH,半导体
603895.SH,专用机械
603896.SH,中成药
603897.SH,电气设备
603898.SH,家居用品
603899.SH,文教休闲
603900.SH,服饰
603901.SH,专用机械
603903.SH,环境保护
603906.SH,电气设备
603908.SH,纺织
603909.SH,建筑工程
603912.SH,专用机械
603915.SH,机械基件
603916.SH,化工原料
603917.SH,汽车配件
603918.SH,软件服务
603919.SH,白酒
603920.SH,元器件
603922.SH,汽车配件
603926.SH,汽车配件
603927.SH,软件服务
603928.SH,化工原料
603929.SH,装修装饰
603931.SH,化工原料
603933.SH,元器件
603936.SH,元器件
603937.SH,铝
603938.SH,化工原料
603939.SH,医药商业
603948.SH,化工原料
603949.SH,汽车配件
603950.SH,汽车配件
603955.SH,建筑工程
603956.SH,专用机械
603958.SH,服饰
603959.SH,建筑工程
603960.SH,汽车配件
603966.SH,专用机械
603967.SH,仓储物流
603968.SH,化工原料
603969.SH,其他建材
603970.SH,农药化肥
603976.SH,医疗保健
603977.SH,化工原料
603978.SH,小金属
603979.SH,铜
603980.SH,染料涂料
603982.SH,汽车配件
603983.SH,日用化工
603985.SH,电气设备
603986.SH,半导体
603987.SH,医疗保健
603988.SH,电气设备
603989.SH,元器件
603990.SH,软件服务
603991.SH,半导体
603992.SH,家居用品
603993.SH,小金属
603995.SH,特种钢
603997.SH,汽车配件
603998.SH,中成药
603999.SH,出版业
605001.SH,运输设备
605003.SH,纺织
605005.SH,汽车配件
605006.SH,玻璃
605007.SH,造纸
605008.SH,橡胶
605009.SH,造纸
605011.SH,供气供热
605016.SH,食品
605018.SH,汽车配件
605020.SH,化工原料
605028.SH,供气供热
605033.SH,农药化肥
605050.SH,仓储物流
605055.SH,纺织
605056.SH,电器仪表
605058.SH,元器件
605060.SH,机械基件
605066.SH,电气设备
605068.SH,汽车配件
605069.SH,环境保护
605077.SH,食品
605080.SH,文教休闲
605081.SH,环境保护
605086.SH,矿物制品
605088.SH,汽车配件
605089.SH,食品
605090.SH,供气供热
605098.SH,文教休闲
605099.SH,文教休闲
605100.SH,机械基件
605108.SH,酒店餐饮
605111.SH,半导体
605116.SH,化学制药
605117.SH,电气设备
605118.SH,元器件
605122.SH,水泥
605123.SH,航空
605128.SH,汽车配件
605133.SH,汽车配件
605136.SH,其他商业
605138.SH,服饰
605151.SH,汽车配件
605155.SH,家居用品
605158.SH,钢加工
605162.SH,供气供热
605166.SH,化纤
605167.SH,建筑工程
605168.SH,互联网
605169.SH,供气供热
605177.SH,化学制药
605178.SH,装修装饰
605179.SH,乳制品
605180.SH,纺织
605183.SH,化工原料
605186.SH,专用机械
605188.SH,超市连锁
605189.SH,纺织
605196.SH,电气设备
605198.SH,软饮料
605199.SH,中成药
605208.SH,铝
605218.SH,元器件
605222.SH,电气设备
605228.SH,汽车配件
605255.SH,汽车配件
605258.SH,元器件
605259.SH,农用机械
605266.SH,医药商业
605268.SH,家居用品
605277.SH,元器件
605286.SH,运输设备
605287.SH,装修装饰
605288.SH,电气设备
605289.SH,建筑工程
605296.SH,农业综合
605298.SH,运输设备
605299.SH,文教休闲
605300.SH,乳制品
605303.SH,建筑工程
605305.SH,工程机械
605318.SH,其他建材
605319.SH,汽车配件
605333.SH,汽车配件
605336.SH,家用电器
605337.SH,乳制品
605338.SH,食品
605339.SH,食品
605358.SH,半导体
605365.SH,家用电器
605366.SH,化工原料
605368.SH,供气供热
605369.SH,医疗保健
605376.SH,小金属
605377.SH,造纸
605378.SH,电气设备
605388.SH,乳制品
605389.SH,机械基件
605398.SH,软件服务
605399.SH,化工原料
605488.SH,塑料
605499.SH,软饮料
605500.SH,造纸
605507.SH,化学制药
605555.SH,家用电器
605566.SH,染料涂料
605567.SH,食品
605577.SH,出版业
605580.SH,供气供热
605588.SH,元器件
605589.SH,化工原料
605598.SH,建筑工程
605599.SH,服饰
688001.SH,专用机械
688002.SH,通信设备
688003.SH,专用机械
688004.SH,软件服务
688005.SH,电气设备
688006.SH,电气设备
688007.SH,元器件
688008.SH,半导体
688009.SH,运输设备
688010.SH,元器件
688011.SH,元器件
688012.SH,半导体
688013.SH,医疗保健
688015.SH,运输设备
688016.SH,医疗保健
688017.SH,机械基件
688018.SH,半导体
688019.SH,半导体
688020.SH,元器件
688021.SH,汽车配件
688022.SH,专用机械
688023.SH,软件服务
688025.SH,专用机械
688026.SH,医疗保健
688027.SH,通信设备
688028.SH,机械基件
688029.SH,医疗保健
688030.SH,软件服务
688031.SH,软件服务
688032.SH,电气设备
688033.SH,电气设备
688035.SH,半导体
688036.SH,通信设备
688037.SH,半导体
688038.SH,软件服务
688039.SH,软件服务
688041.SH,半导体
688045.SH,半导体
688046.SH,生物制药
688047.SH,半导体
688048.SH,半导体
688049.SH,半导体
688050.SH,医疗保健
688051.SH,软件服务
688052.SH,半导体
688053.SH,元器件
688055.SH,元器件
688056.SH,电器仪表
688057.SH,环境保护
688058.SH,软件服务
688059.SH,机械基件
688060.SH,IT设备
688061.SH,半导体
688062.SH,生物制药
688063.SH,电气设备
688065.SH,化工原料
688066.SH,软件服务
688067.SH,医疗保健
688068.SH,医疗保健
688069.SH,环境保护
688070.SH,航空
688071.SH,专用机械
688072.SH,半导体
688073.SH,化学制药
688075.SH,医疗保健
688076.SH,生物制药
688077.SH,矿物制品
688078.SH,软件服务
688079.SH,元器件
688080.SH,通信设备
688081.SH,软件服务
688082.SH,半导体
688083.SH,软件服务
688084.SH,专用机械
688085.SH,医疗保健
688087.SH,环境保护
688088.SH,软件服务
688089.SH,食品
688090.SH,专用机械
688091.SH,化学制药
688092.SH,专用机械
688093.SH,化工原料
688095.SH,软件服务
688096.SH,环境保护
688097.SH,专用机械
688098.SH,农业综合
688099.SH,半导体
688100.SH,通信设备
688101.SH,环境保护
688102.SH,铜
688103.SH,元器件
688105.SH,生物制药
688106.SH,化工原料
688107.SH,半导体
688108.SH,医疗保健
688109.SH,软件服务
688110.SH,半导体
688111.SH,软件服务
688112.SH,电器仪表
688113.SH,专用机械
688114.SH,医疗保健
688115.SH,电器仪表
688116.SH,化工原料
688117.SH,生物制药
688118.SH,软件服务
688119.SH,其他建材
688120.SH,半导体
688121.SH,专用机械
688122.SH,小金属
688123.SH,半导体
688125.SH,专用机械
688126.SH,半导体
688127.SH,元器件
688128.SH,专用机械
688129.SH,染料涂料
688130.SH,半导体
688131.SH,化学制药
688132.SH,通信设备
688133.SH,化工原料
688135.SH,半导体
688136.SH,生物制药
688137.SH,生物制药
688138.SH,半导体
688139.SH,医疗保健
688141.SH,半导体
688143.SH,通信设备
688146.SH,半导体
688147.SH,专用机械
688148.SH,电气设备
688150.SH,元器件
688151.SH,医疗保健
688152.SH,软件服务
688153.SH,半导体
688155.SH,电气设备
688156.SH,饲料
688157.SH,染料涂料
688158.SH,软件服务
688159.SH,通信设备
688160.SH,电器仪表
688161.SH,医疗保健
688162.SH,专用机械
688163.SH,生物制药
688165.SH,专用机械
688166.SH,化学制药
688167.SH,元器件
688168.SH,软件服务
688169.SH,家用电器
688170.SH,专用机械
688171.SH,软件服务
688172.SH,半导体
688173.SH,半导体
688175.SH,通信设备
688176.SH,化学制药
688177.SH,生物制药
688178.SH,环境保护
688179.SH,化学制药
688180.SH,生物制药
688181.SH,元器件
688182.SH,通信设备
688183.SH,元器件
688184.SH,电气设备
688185.SH,生物制药
688186.SH,特种钢
688187.SH,运输设备
688188.SH,专用机械
688189.SH,化学制药
688190.SH,矿物制品
688191.SH,软件服务
688192.SH,生物制药
688193.SH,医疗保健
688195.SH,元器件
688196.SH,环境保护
688197.SH,化学制药
688198.SH,医疗保健
688199.SH,化工原料
688200.SH,半导体
688201.SH,软件服务
688202.SH,医疗保健
688203.SH,塑料
688205.SH,通信设备
688206.SH,半导体
688207.SH,软件服务
688208.SH,IT设备
688209.SH,半导体
688210.SH,元器件
688211.SH,专用机械
688212.SH,医疗保健
688213.SH,半导体
688215.SH,专用机械
688216.SH,半导体
688217.SH,医疗保健
688218.SH,专用机械
688219.SH,塑料
688220.SH,半导体
688221.SH,生物制药
688222.SH,化学制药
688223.SH,电气设备
688225.SH,软件服务
688226.SH,电气设备
688227.SH,软件服务
688228.SH,软件服务
688229.SH,软件服务
688230.SH,半导体
688231.SH,航空
688232.SH,软件服务
688233.SH,半导体
688234.SH,半导体
688235.SH,生物制药
688236.SH,医疗保健
688237.SH,航空
688238.SH,医疗保健
688239.SH,航空
688244.SH,软件服务
688246.SH,软件服务
688247.SH,化学制药
688248.SH,电气设备
688249.SH,半导体
688251.SH,专用机械
688252.SH,半导体
688253.SH,医疗保健
688255.SH,机械基件
688256.SH,半导体
688257.SH,机械基件
688258.SH,软件服务
688259.SH,半导体
688260.SH,元器件
688261.SH,半导体
688262.SH,半导体
688265.SH,医疗保健
688266.SH,生物制药
688267.SH,化工原料
688268.SH,化工原料
688269.SH,化工原料
688270.SH,半导体
688271.SH,医疗保健
688272.SH,元器件
688273.SH,医疗保健
688275.SH,电气设备
688276.SH,生物制药
688277.SH,医疗保健
688278.SH,生物制药
688279.SH,半导体
688280.SH,汽车配件
688281.SH,航空
688282.SH,通信设备
688283.SH,电器仪表
688285.SH,运输设备
688286.SH,半导体
688287.SH,UNKNOWN
688288.SH,IT设备
688289.SH,医疗保健
688290.SH,专用机械
688291.SH,软件服务
688292.SH,通信设备
688293.SH,生物制药
688295.SH,化纤
688296.SH,软件服务
688297.SH,航空
688298.SH,医疗保健
688299.SH,元器件
688300.SH,矿物制品
688301.SH,医疗保健
688302.SH,生物制药
688303.SH,电气设备
688305.SH,机床制造
688306.SH,专用机械
688307.SH,元器件
688308.SH,机械基件
688309.SH,环境保护
688310.SH,医疗保健
688311.SH,元器件
688312.SH,专用机械
688313.SH,通信设备
688314.SH,医疗保健
688315.SH,医疗保健
688316.SH,软件服务
688317.SH,医疗保健
688318.SH,软件服务
688319.SH,生物制药
688320.SH,电器仪表
688321.SH,化学制药
688322.SH,元器件
688323.SH,塑料
688325.SH,半导体
688326.SH,汽车配件
688327.SH,软件服务
688328.SH,专用机械
688329.SH,专用机械
688330.SH,电气设备
688331.SH,生物制药
688332.SH,半导体
688333.SH,机械基件
688334.SH,电气设备
688335.SH,环境保护
688336.SH,生物制药
688337.SH,电器仪表
688338.SH,医疗保健
688339.SH,汽车配件
688343.SH,软件服务
688345.SH,电气设备
688347.SH,半导体
688348.SH,电气设备
688349.SH,电气设备
688350.SH,化工原料
688351.SH,医疗保健
688352.SH,半导体
688353.SH,化工原料
688355.SH,机械基件
688356.SH,化学制药
688357.SH,化工原料
688358.SH,医疗保健
688359.SH,化工原料
688360.SH,机械基件
688361.SH,半导体
688362.SH,半导体
688363.SH,医疗保健
688365.SH,软件服务
688366.SH,医疗保健
688367.SH,运输设备
688368.SH,半导体
688369.SH,软件服务
688370.SH,环境保护
688371.SH,元器件
688372.SH,半导体
688373.SH,化学制药
688375.SH,元器件
688376.SH,专用机械
688377.SH,专用机械
688378.SH,专用机械
688379.SH,机械基件
688380.SH,半导体
688381.SH,半导体
688382.SH,生物制药
688383.SH,专用机械
688385.SH,半导体
688386.SH,化工原料
688387.SH,通信设备
688388.SH,电气设备
688389.SH,医疗保健
688390.SH,电气设备
688391.SH,半导体
688392.SH,专用机械
688393.SH,医疗保健
688395.SH,机械基件
688396.SH,半导体
688398.SH,矿物制品
688399.SH,医疗保健
688400.SH,专用机械
688401.SH,半导体
688403.SH,半导体
688408.SH,电气设备
688409.SH,半导体
688410.SH,医疗保健
688411.SH,电气设备
688416.SH,半导体
688418.SH,通信设备
688419.SH,半导体
688420.SH,专用机械
688425.SH,工程机械
688426.SH,生物制药
688428.SH,生物制药
688429.SH,电气设备
688432.SH,半导体
688433.SH,专用机械
688435.SH,软件服务
688439.SH,元器件
688443.SH,生物制药
688448.SH,专用机械
688449.SH,半导体
688450.SH,电器仪表
688455.SH,机械基件
688456.SH,铜
688458.SH,半导体
688459.SH,运输设备
688466.SH,环境保护
688468.SH,医疗保健
688469.SH,半导体
688472.SH,电气设备
688475.SH,IT设备
688478.SH,半导体
688479.SH,软件服务
688480.SH,环境保护
688484.SH,半导体
688485.SH,运输设备
688486.SH,半导体
688488.SH,生物制药
688489.SH,IT设备
688496.SH,元器件
688498.SH,半导体
688499.SH,专用机械
688500.SH,互联网
688501.SH,环境保护
688502.SH,元器件
688503.SH,电气设备
688505.SH,化学制药
688506.SH,化学制药
688507.SH,软件服务
688508.SH,半导体
688509.SH,软件服务
688510.SH,航空
688511.SH,元器件
688512.SH,半导体
688513.SH,化学制药
688515.SH,半导体
688516.SH,专用机械
688517.SH,电气设备
688518.SH,专用机械
688519.SH,元器件
688520.SH,生物制药
688521.SH,半导体
688522.SH,通信设备
688523.SH,航空
688525.SH,半导体
688526.SH,农业综合
688528.SH,电器仪表
688529.SH,专用机械
688530.SH,半导体
688531.SH,专用机械
688533.SH,汽车配件
688535.SH,半导体
688536.SH,半导体
688538.SH,半导体
688539.SH,电器仪表
688543.SH,专用机械
688545.SH,元器件
688548.SH,化工原料
688549.SH,元器件
688550.SH,化工原料
688551.SH,专用机械
688552.SH,通信设备
688553.SH,化学制药
688556.SH,专用机械
688557.SH,专用机械
688558.SH,机床制造
688559.SH,专用机械
688560.SH,电气设备
688561.SH,软件服务
688562.SH,软件服务
688563.SH,航空
688565.SH,环境保护
688566.SH,化学制药
688567.SH,电气设备
688568.SH,软件服务
688569.SH,运输设备
688570.SH,专用机械
688571.SH,染料涂料
688573.SH,专用机械
688575.SH,医疗保健
688576.SH,医疗保健
688577.SH,机床制造
688578.SH,化学制药
688579.SH,软件服务
688580.SH,医疗保健
688581.SH,医疗保健
688582.SH,元器件
688583.SH,电器仪表
688584.SH,半导体
688585.SH,化工原料
688586.SH,航空
688588.SH,软件服务
688589.SH,半导体
688590.SH,软件服务
688591.SH,半导体
688592.SH,通信设备
688593.SH,半导体
688595.SH,半导体
688596.SH,专用机械
688597.SH,电器仪表
688598.SH,矿物制品
688599.SH,电气设备
688600.SH,电器仪表
688601.SH,半导体
688602.SH,化工原料
688603.SH,化工原料
688605.SH,半导体
688606.SH,医疗保健
688607.SH,医疗保健
688608.SH,半导体
688609.SH,家用电器
688610.SH,电器仪表
688611.SH,电气设备
688612.SH,汽车配件
688613.SH,医疗保健
688615.SH,软件服务
688616.SH,电器仪表
688617.SH,医疗保健
688618.SH,通信设备
688619.SH,软件服务
688620.SH,半导体
688621.SH,医疗保健
688622.SH,电器仪表
688623.SH,专用机械
688625.SH,化工原料
688626.SH,医疗保健
688627.SH,专用机械
688628.SH,电器仪表
688629.SH,元器件
688630.SH,专用机械
688631.SH,软件服务
688633.SH,专用机械
688635.SH,通信设备
688636.SH,元器件
688638.SH,专用机械
688639.SH,化学制药
688646.SH,专用机械
688648.SH,机床制造
688651.SH,软件服务
688652.SH,半导体
688653.SH,半导体
688655.SH,元器件
688656.SH,医疗保健
688657.SH,软件服务
688658.SH,化学制药
688659.SH,环境保护
688660.SH,电气设备
688661.SH,元器件
688662.SH,元器件
688663.SH,电气设备
688665.SH,电器仪表
688667.SH,汽车配件
688668.SH,通信设备
688669.SH,化工原料
688670.SH,生物制药
688671.SH,环境保护
688676.SH,电气设备
688677.SH,医疗保健
688678.SH,元器件
688679.SH,环境保护
688680.SH,塑料
688681.SH,电气设备
688682.SH,软件服务
688683.SH,元器件
688685.SH,航空
688686.SH,电器仪表
688687.SH,生物制药
688689.SH,半导体
688690.SH,化工原料
688691.SH,半导体
688692.SH,软件服务
688693.SH,半导体
688695.SH,软件服务
688696.SH,家用电器
688697.SH,机床制造
688698.SH,电气设备
688699.SH,半导体
688700.SH,专用机械
688701.SH,环境保护
688702.SH,半导体
688707.SH,电气设备
688708.SH,化工原料
688709.SH,半导体
688710.SH,生物制药
688711.SH,半导体
688712.SH,医疗保健
688716.SH,化工原料
688717.SH,电气设备
688718.SH,塑料
688719.SH,电气设备
688720.SH,半导体
688721.SH,半导体
688722.SH,化纤
688726.SH,专用机械
688727.SH,半导体
688728.SH,半导体
688729.SH,半导体
688733.SH,矿物制品
688737.SH,汽车配件
688739.SH,生物制药
688750.SH,小金属
688755.SH,专用机械
688757.SH,电器仪表
688758.SH,化工原料
688759.SH,生物制药
688765.SH,生物制药
688766.SH,半导体
688767.SH,医疗保健
688768.SH,电器仪表
688772.SH,电气设备
688775.SH,IT设备
688776.SH,元器件
688777.SH,专用机械
688778.SH,电气设备
688779.SH,电气设备
688781.SH,元器件
688783.SH,半导体
688785.SH,半导体
688786.SH,小金属
688787.SH,软件服务
688788.SH,通信设备
688789.SH,专用机械
688790.SH,半导体
688793.SH,家用电器
688795.SH,半导体
688796.SH,生物制药
688798.SH,半导体
688799.SH,化学制药
688800.SH,元器件
688802.SH,半导体
688805.SH,医疗保健
688807.SH,半导体
688808.SH,电器仪表
688809.SH,半导体
688811.SH,小金属
688813.SH,专用机械
688816.SH,专用机械
688818.SH,航空
688819.SH,电气设备
688820.SH,半导体
688981.SH,半导体
689009.SH,摩托车
